wallet,username,categories,cohorts,verdict,n_resolved,stake_usd,edge,edge_per_share,edge_cash,cash_ok_frac,ci_lo,ci_hi,win_rate,h1_edge,h2_edge,time_replicates,mkt_a_edge,mkt_b_edge,mkt_replicates,wf_positive,wf_judged,top3_win_share,edge_wo_top3,span_days,score,stake_resolved_frac,avg_entry_price,med_stake,med_volume,med_hold_days,maker_share,first_trade
0x23d81ba9371e576015c1e562db09c689f56b0288,flawfence,POLITICS,"A,B,C",CONSISTENT,78,290750,0.7191,0.2979,0.5986,0.8974,0.4062,1.1026,0.6923,0.8667,0.4991,True,0.7317,0.7081,True,6,6,0.437,0.4451,67.9,0.9011,0.5076,0.4143,960.832,418366.0865,0.5454,0.952,2026-04-25
0x65018f9fc473f6e920b8929a375d39c26a461220,cnyek,SPORTS,"A,B,C",CONSISTENT_YOUNG,41,2085639,0.3672,0.1838,0.3523,0.9512,0.0779,0.669,0.6829,,,,0.4225,0.3173,True,,,0.3471,0.1979,52.1,0.8831,0.9646,0.5004,39169.0,6879447.5536,0.4798,0.874,2026-05-09
0x4f315c1f2fcfbcbccc31fa28ae086babf309efa3,DFV2,CRYPTO,"A,B,C",CONSISTENT,144,1634157,0.061,0.0575,0.0542,1.0,0.0426,0.0805,0.9931,0.0875,0.0353,True,0.0653,0.0565,True,6,6,0.4355,0.046,139.7,0.8725,0.9323,0.9419,3414.8468,355099.7357,20.6826,0.0,2026-01-30
0x5371f1b6954e31c502064614649cea3568cb76eb,oegdatam,CRYPTO,"A,B,C",CONSISTENT,147,2141568,0.0493,0.047,0.0322,1.0,0.0395,0.0608,1.0,0.0595,0.0303,True,0.0483,0.0503,True,5,5,0.3196,0.0452,139.0,0.8694,0.9042,0.953,4779.8299,339151.7559,16.5048,0.0,2026-02-12
0x96a3a4d0f0a91074a43ce8dc39d1f092a717d944,master-wuji,SPORTS,"A,B,C",CONSISTENT_YOUNG,44,31210,0.4472,0.1993,0.4548,1.0,0.088,0.7693,0.6136,,,,0.5256,0.3785,True,,,0.3077,0.2665,54.7,0.8597,0.4041,0.4457,510.0,1456581.864,0.0376,0.961,2026-05-08
0x73ecf6a30d3c6538cd931ec13c9ed6eba944f5bb,ChampagneSocialist,TECH,"B,C",CONSISTENT_YOUNG,34,31212,0.4287,0.241,0.3973,0.9412,0.0288,0.7401,0.8235,,,,0.4719,0.3771,True,3,4,0.5834,0.1579,121.2,0.8582,0.9982,0.5621,381.327,63458.6066,18.296,0.6545,2026-02-09
0xb66582886125a2a2ea966f1ea60ea60b6ecabf8f,Aeglos,POLITICS,"A,B,C",CONSISTENT_YOUNG,16,922745,0.046,0.0409,0.0309,0.8125,0.0311,0.0679,0.9375,,,,0.0439,0.0489,True,1,1,0.5491,0.0401,149.0,0.8544,0.7442,0.8887,14670.8484,38740980.4461,37.6537,0.492,2026-01-13
0xbf961d0c79db0bf55050cadc0995835f09c09942,browne,POLITICS,"A,B,C",CONSISTENT,96,216167,0.1576,0.1206,0.1122,0.8333,0.0531,0.2416,0.75,0.0515,0.21,True,0.2001,0.1075,True,5,6,0.3518,0.0941,174.7,0.8409,0.6936,0.7657,949.0,2257950.4236,12.4708,0.711,2026-01-05
0x98d04f9eb52d08ef9697f6eb8d7cfe8d46e5f14a,mrworldwide,POLITICS,"A,B,C",CONSISTENT,535,294096,0.1044,0.0711,0.0335,0.8804,0.0156,0.1954,0.7196,0.1986,0.0622,True,0.0892,0.1167,True,6,6,0.2194,0.0553,181.9,0.8325,0.8979,0.6811,168.1829,88213.8346,3.1878,0.728,2026-01-01
0xc9dcc3d90ad3e34fe4132eb8661ae728d6da9026,keribit,POLITICS,B,CONSISTENT,65,563979,0.0145,0.0143,0.0134,0.7692,0.0112,0.0181,1.0,0.0142,0.0147,True,0.0131,0.0159,True,6,6,0.3159,0.0126,167.8,0.8317,0.8484,0.9857,4990.0,3328347.5158,22.2938,0.975,2026-01-01
0xbc1b1e935cf5a06f9378fe2b249338649dc29d59,shijiebeifacai,SPORTS,"A,B,C",REPLICATES_WEAK_YOUNG,36,1618601,0.0753,0.0676,0.0753,1.0,-0.0062,0.1277,0.9167,,,,0.061,0.0846,True,,,0.3677,0.0524,11.8,0.8311,0.969,0.8974,28666.38,5619954.1043,0.6188,1.0,2026-06-20
0x6765c1c000e3b99c7fffea752c561cb868f1fa0d,JanAMEX,CRYPTO,"B,C",CONSISTENT,242,3381044,0.0347,0.0332,0.0338,1.0,0.0134,0.0592,0.9587,0.0329,0.037,True,0.0279,0.0414,True,6,6,0.4154,0.0201,179.2,0.8311,0.9605,0.9586,3499.9998,421615.5365,15.2728,0.843,2026-01-01
0x564f22744b7941ade18d5e0e4f347c30e3057026,molodoyy,"FINANCE,TECH","B,C",CONSISTENT,1600,183825,0.0744,0.043,0.0549,0.9256,0.0274,0.1202,0.7375,0.0382,0.1594,True,0.0905,0.0586,True,6,6,0.1108,0.0551,181.2,0.8274,0.9274,0.5777,49.8909,4690.1969,6.2744,0.226,2026-01-01
0x6db568e61e5e3de7d87f831431b673f38ce2e279,,SPORTS,"A,B,C",CONSISTENT,248,11659549,0.1818,0.0889,0.1818,1.0,0.0519,0.3576,0.6371,0.0695,0.3085,True,0.217,0.1132,True,6,6,0.5222,0.0641,75.3,0.8186,1.0,0.4892,5344.1699,634653.914,6.9714,0.0,2026-04-17
0xc1200f03f07df479a041bb925a076d0b51c3b9f1,solomiy,CRYPTO,"B,C",CONSISTENT,4890,92216,0.3306,0.1345,0.3306,1.0,0.3005,0.3613,0.6677,0.3175,0.3421,True,0.32,0.3405,True,4,6,0.0107,0.3244,130.0,0.8165,1.0,0.4069,20.3028,3552.0178,0.0,0.827,2026-02-21
0xdbf73adbf83a752de9ef9390e32797df82eafbea,ydxistheking,POLITICS,"B,C",CONSISTENT,76,230310,0.2,0.1339,0.1945,0.9211,0.0446,0.3339,0.5263,0.2033,0.1976,True,0.1649,0.2219,True,6,6,0.446,0.1024,178.7,0.8163,0.8084,0.6697,456.5,719103.5668,26.2024,0.67,2026-01-01
0x8c4465127b5278a5d7fd120b95b77e7fe292fcd4,nelbal8486,FINANCE,B,CONSISTENT,45,155965,0.1597,0.1221,0.1375,0.8222,0.0052,0.3779,0.7556,0.0517,0.3868,True,0.1591,0.1599,True,4,4,0.6139,0.0327,111.9,0.8133,0.6523,0.7648,1012.9516,1409955.0758,22.3324,0.807,2026-03-01
0x90c23cb846d4c78b59096bae855161d92ea28c24,cryptothan,FINANCE,"A,B,C",CONSISTENT,302,736380,0.1777,0.054,0.1588,0.8974,0.0382,0.307,0.5265,0.1604,0.2018,True,0.1926,0.1605,True,6,6,0.1663,0.1191,158.1,0.8055,1.0,0.3037,999.2744,104985.9775,0.7636,0.387,2026-01-24
0x6bab41a0dc40d6dd4c1a915b8c01969479fd1292,Dropper,"CULTURE,POLITICS","B,C",CONSISTENT,188,3203977,0.0839,0.0434,0.067,0.9681,0.0177,0.1589,0.6543,0.0517,0.1108,True,0.1249,0.0517,True,6,6,0.2706,0.0469,165.3,0.7907,0.9595,0.5178,3968.0351,2501843.162,23.3864,0.937,2026-01-06
0x6157d529ae129fe08f22a27ed42e741d2eaa9fb4,DaBossHogg,SPORTS,"A,B,C",CONSISTENT,384,1402156,0.2107,0.111,0.2191,0.9922,0.0725,0.3417,0.5911,0.1418,0.2459,True,0.1824,0.2406,True,4,5,0.0995,0.1638,109.2,0.7861,0.9817,0.5267,2500.0,212358.3004,0.0386,0.698,2026-03-14
0x8e77537e059837d3c2ca5b4efe75e74e9498c4f3,dwpoker,CRYPTO,B,CONSISTENT_YOUNG,32,52842,0.0155,0.0153,0.0129,0.9375,0.0081,0.0351,1.0,,,,0.0173,0.0135,True,2,2,0.4842,0.0104,136.9,0.7842,0.9707,0.9847,197.4371,1018199.734,3.8356,0.985,2026-01-01
0xa53ba9d683f68602ccd767512d5c862a43824021,Vagabund97,FINANCE,"B,C",CONSISTENT,295,45298,0.3481,0.1193,0.2865,0.8712,0.1317,0.5571,0.5085,0.1607,0.4979,True,0.4505,0.2631,True,5,6,0.2057,0.235,181.1,0.7839,0.924,0.3427,63.7956,23487.2657,3.6219,0.528,2026-01-01
0xed107a85a4585a381e48c7f7ca4144909e7dd2e5,elmcap2,"CULTURE,FINANCE,POLITICS,TECH","A,B",CONSISTENT,605,34090955,0.0053,0.0052,0.0047,0.9752,0.0023,0.0083,0.9107,0.007,0.0029,True,0.0073,0.0042,True,6,6,0.294,0.0037,179.6,0.7829,0.981,0.9865,2060.2677,359253.5398,6.7792,0.957,2026-01-01
0x924379a79c64b77ad5816ad362122a5f6228658e,Kch-Temp,SPORTS,"A,B,C",CONSISTENT_YOUNG,88,3471523,0.3221,0.1795,0.3096,0.9773,0.0262,0.561,0.5341,,,,0.3015,0.35,True,,,0.4178,0.1364,22.2,0.7815,0.9656,0.5571,7396.2801,1180960.5138,0.9699,0.999,2026-06-09
0x1ee9a5fc09665909c0cce297c581703bfbb9197f,vinii,"FINANCE,TECH","A,B,C",CONSISTENT,2806,669289,0.0766,0.0483,0.0527,0.8667,0.0381,0.1146,0.7719,0.0118,0.1159,True,0.0489,0.1022,True,5,6,0.1116,0.0588,181.9,0.7802,0.8278,0.631,15.0,43969.7111,10.1869,0.473,2026-01-01
0x1bfd792c102c75d3c41c954d058355a796ee40d0,4e2fbc2acf,TECH,B,CONSISTENT,53,213348,0.0168,0.0165,0.0167,0.9623,0.0023,0.0403,0.9623,0.0125,0.0305,True,0.003,0.0248,True,5,5,0.6274,0.0072,159.3,0.7727,0.9786,0.9797,1076.5823,158913.5929,21.7226,0.787,2026-01-01
0x709e8dcb133555794decc598e07f2c923b8366f5,0xd4aa6f8e91cfea29b66a48ebff52814,SPORTS,"A,B,C",CONSISTENT,167,8553531,0.339,0.1893,0.3039,0.9521,0.0813,0.4943,0.515,0.1278,0.3809,True,0.4506,0.1974,True,5,6,0.4274,0.1824,89.8,0.7706,1.0,0.5584,7751.76,2627796.2461,0.0268,0.974,2026-04-03
0x25257a6a89dba93dd0c536b6279365632a4eb919,Trading4Fridge,"POLITICS,TECH","A,B,C",CONSISTENT,434,1104473,0.1598,0.072,0.119,0.8571,0.0279,0.3384,0.553,0.0984,0.195,True,0.0854,0.2067,True,6,6,0.3281,0.0553,178.1,0.7695,0.8617,0.4508,961.7026,357633.9465,14.5933,0.878,2026-01-03
0xa18c5cf2bc6eec389d2d512582ae14654b99d792,gmtrader,SPORTS,"A,B,C",REPLICATES_WEAK_YOUNG,132,211622,0.24,0.1279,0.2166,0.9621,-0.0239,0.5094,0.7348,,,,0.0963,0.3586,True,,,0.2956,0.0934,22.1,0.7692,0.9633,0.5328,711.0576,520719.8079,1.6385,0.963,2026-06-09
0xdbdd45150249e229eb4ca8aa48a30dca21faa5de,0xdbdd45150249e229eB4cA8aa48A30Dca21Faa5,SPORTS,"A,B,C",CONSISTENT,72065,17230154,0.053,0.0248,0.053,1.0,0.0393,0.0664,0.5316,0.0483,0.0567,True,0.0453,0.0606,True,6,6,0.0036,0.0518,182.0,0.768,0.9999,0.4679,31.6902,12891.5357,0.4074,0.0,2026-01-01
0xd189664c5308903476f9f079820431e4fd7d06f4,rwo,CRYPTO,"A,B",CONSISTENT,7448,15131243,0.0144,0.0125,0.0136,0.9875,0.0106,0.0184,0.7342,0.0115,0.0198,True,0.0167,0.0122,True,6,6,0.0812,0.0123,181.9,0.7676,1.0,0.8687,333.5827,114711.6173,0.0009,0.858,2026-01-01
0x17559efac103ac7f361be37ec0b93888d4c55aac,CamelUp,FINANCE,"A,B",CONSISTENT,4388,3885441,0.1057,0.0557,0.1057,1.0,0.0227,0.173,0.6155,0.1052,0.1072,True,0.0636,0.1416,True,5,6,0.1695,0.0746,179.9,0.7549,0.9999,0.5267,144.0197,3089.0188,1.2682,0.461,2026-01-02
0x7e35a2a8cfd1eb1e69dacd043206db5a787f1a6c,buoys,"CULTURE,POLITICS","B,C",CONSISTENT,641,138406,0.1917,0.0603,0.0919,0.8378,0.0519,0.3444,0.5086,0.1758,0.2071,True,0.1216,0.2587,True,5,6,0.1739,0.1042,174.2,0.7537,0.6666,0.3144,116.0102,137400.3655,27.5188,0.864,2026-01-01
0xa974826f82380f9bb3d5b9c722c50f82fb1aef79,tmoneeey,SPORTS,"A,B,C",CONSISTENT,280,323105,0.3357,0.125,0.3288,0.9857,0.0949,0.539,0.3893,0.3608,0.3132,True,0.4482,0.1662,True,5,6,0.1844,0.2277,106.8,0.751,0.878,0.3723,475.006,135029.4462,0.3632,0.958,2026-03-16
0xc1a58674dbcc1d3208f7e61a0a8b252162caf290,amis,CRYPTO,"A,B,C",REPLICATES_WEAK,103,625190,0.0338,0.0322,0.0242,0.8155,-0.0066,0.0553,0.9709,0.0462,0.0235,True,0.0544,0.0127,True,4,5,0.4039,0.0198,161.8,0.7497,0.8617,0.9534,2014.1064,468606.6783,25.3706,0.762,2026-01-04
0x69b9a231e6d9e8a1be243e3db5174203a33f1284,Croesus1,FINANCE,"B,C",REPLICATES_WEAK,51,68621,0.1601,0.102,-0.0363,0.6863,-0.015,0.3025,0.7255,0.1142,0.1925,True,0.2102,0.0844,True,3,4,0.2754,0.0863,148.9,0.7448,0.7961,0.6375,858.1284,606743.3199,26.6087,0.651,2026-02-02
0x71abe97b83eaba3f06cb04fd4d9a03ee37d2f015,groth,FINANCE,"B,C",REPLICATES_WEAK,184,82774,0.4684,0.1827,0.5013,0.8315,-0.0235,1.3287,0.6413,0.7071,0.279,True,0.8884,0.1136,True,6,6,0.6583,0.0424,154.5,0.7441,0.7886,0.3901,157.0652,445485.4632,19.2134,0.951,2026-01-27
0xf751fbd76257ad498e02c1da257ac6e31df0fec8,0xF751fbD76257AD498e02C1dA257aC6E31DF0Fe,SPORTS,"A,B,C",CONSISTENT_YOUNG,111,2231881,0.302,0.1387,0.2661,0.955,0.0249,0.5457,0.4505,,,,0.2492,0.364,True,,,0.2356,0.1624,32.3,0.7378,0.9737,0.4591,15594.7376,1925110.6522,0.018,0.947,2026-05-30
0x9dfe2f73d3c988a9d69df8fa0beb85651340b3dd,Moond,POLITICS,"B,C",REPLICATES_WEAK,117,133004,0.072,0.055,0.0921,0.8803,-0.0131,0.1881,0.7009,0.0232,0.1056,True,0.2061,0.0075,True,6,6,0.27,0.0295,179.8,0.7377,0.9609,0.7632,252.4524,504901.7268,22.428,0.958,2026-01-01
0xd44e974a3edb232aa4aedbdcc59792b76a5f67e2,KrackenSruster,POLITICS,"A,B,C",CONSISTENT,191,570715,0.1634,0.0944,0.2617,0.6806,0.0134,0.3209,0.7016,0.0334,0.2706,True,0.1778,0.1489,True,4,6,0.1932,0.0921,169.0,0.7355,0.8014,0.5776,2000.0,865021.3032,25.5744,0.895,2026-01-01
0xc8b9a30184244d427169cf62485dde6041b2b836,SnowLover7,POLITICS,"A,B,C",REPLICATES_WEAK,211,334869,0.2032,0.0923,0.264,0.91,-0.0002,0.4399,0.7441,0.0619,0.2764,True,0.3824,-0.0299,False,6,6,0.4138,0.0626,173.0,0.7344,0.6602,0.4544,443.5578,27973.8296,13.1319,0.939,2026-01-03
0x9aeb534c42b58b21673d5e03e9da14fbd15b2729,The-Joker,TECH,B,CONSISTENT,1206,1942873,0.0372,0.0264,0.0319,0.9262,0.0083,0.066,0.7247,0.0493,0.0298,True,0.0114,0.063,True,5,6,0.1122,0.0251,181.1,0.732,0.9866,0.7088,436.209,110983.2996,7.0141,0.73,2026-01-01
0x2d99e29c4f066ba32098c65e4c7454b277d94ca3,scout,POLITICS,"A,B",CONSISTENT,323,9541651,0.0058,0.0057,0.0059,0.969,0.0013,0.0124,0.9598,0.0018,0.0095,True,0.0022,0.0087,True,5,6,0.4118,0.0027,177.7,0.7275,0.9923,0.9897,4406.8785,571796.0068,18.1964,0.896,2026-01-03
0xa16a1302ca05463f30faebeb5c045767fde233a1,KimiTalibantonelli,FINANCE,B,REPLICATES_WEAK,25258,14483124,0.0011,0.0011,0.0012,0.9987,-0.0013,0.0037,0.9654,0.0017,0.0002,True,0.0022,-0.0001,False,5,6,0.1799,-0.0002,182.0,0.7273,0.9998,0.9853,145.0148,770.5774,0.1985,0.948,2026-01-01
0xe904443b4084bbda216e344353a44cd4324a2d9f,shovelingdigging,CULTURE,"B,C",CONSISTENT,448,155238,0.1299,0.0644,0.1478,0.9286,0.0061,0.2688,0.5781,0.3261,0.0142,True,0.1288,0.1309,True,5,6,0.1953,0.0584,180.1,0.7256,0.9581,0.4961,166.2803,45461.7032,4.6193,0.512,2026-01-02
0xd5b97d08ec6098407bfbf66c2786ccc9967fe44e,Optimus-,FINANCE,"B,C",CONSISTENT,232,135358,0.1431,0.0733,0.1516,0.9569,0.0124,0.2768,0.6638,0.043,0.2589,True,0.1815,0.1116,True,4,6,0.2127,0.0828,180.4,0.7254,0.8583,0.5119,200.0,340491.0054,20.3226,0.82,2026-01-02
0x1c66c88a4be1ca1081d93c6e1fd5b5b5847ce371,sporteo,SPORTS,"A,B,C",CONSISTENT,4933,928252,0.1644,0.0871,0.1644,1.0,0.0569,0.2728,0.5913,0.0065,0.2713,True,0.1313,0.2072,True,4,5,0.2013,0.0956,73.7,0.7214,0.8975,0.5297,16.86,66576.401,0.6565,0.0,2026-04-19
0xaa99a6c279d34492683db6ff1818aa1f8485dbbf,willsom,TECH,"B,C",ONE_PERIOD,275,239918,0.1714,0.0846,0.0751,0.8109,0.0481,0.3238,0.6291,-0.0162,0.297,False,0.1632,0.1768,True,5,6,0.2041,0.1118,180.6,0.7199,0.8795,0.4937,257.854,244656.3315,14.9939,0.765,2026-01-01
0xf02105d60083d7d74d7e0f9785d79e06137cdf56,MollyParkets,CULTURE,B,REPLICATES_WEAK,1690,290005,0.0582,0.0213,0.0656,0.9148,-0.0042,0.1239,0.5781,0.0763,0.045,True,0.0619,0.0541,True,5,6,0.0707,0.0324,181.8,0.7129,0.9839,0.3659,111.3704,148986.9206,1.3824,0.716,2026-01-01
0xd5555147366b7e5bfcea444f4a06a745c18be28a,mmmbop,FINANCE,"B,C",REPLICATES_WEAK,351,131066,0.0667,0.0512,0.0812,0.9601,-0.0037,0.1477,0.8177,0.086,0.029,True,0.0776,0.0519,True,4,6,0.3139,0.0236,181.1,0.7113,0.9043,0.7679,108.6525,5015.2633,3.2794,0.811,2026-01-01
0x388537259dc9e693c1c9b96fdf07a63f6b7aca77,easypredict,CRYPTO,"A,B,C",CONSISTENT,931,3245266,0.0691,0.0365,0.0691,1.0,0.0194,0.1186,0.4458,0.0801,0.0625,True,0.0728,0.0658,True,6,6,0.142,0.0468,180.7,0.7048,0.9957,0.5287,169.1013,256699.9286,5.373,0.402,2026-01-01
0x5652090d21c85a9d1ca5b6a41fe07f3099fb00c9,AlphaBetaGamma2357,CRYPTO,"A,B,C",REPLICATES_WEAK_YOUNG,39,103925,0.2394,0.1669,0.2593,0.8718,-0.0769,0.5555,0.7949,,,,0.2895,0.1642,True,2,2,0.6202,0.0271,175.4,0.7032,0.8967,0.6971,1120.0,1840951.4361,5.379,0.994,2026-01-06
0x36e7e560c4d4cf32926906d939a18cf91f8a0b6b,pol76,CULTURE,"B,C",ONE_PERIOD,222,118288,0.0408,0.0341,0.0523,0.8739,-0.0084,0.0907,0.7297,0.0575,-0.0102,False,0.0457,0.0361,True,6,6,0.143,0.024,181.5,0.7011,0.9564,0.8338,185.3554,1328907.4564,2.7834,0.801,2026-01-01
0x038bca073c9aebb694028d70eec94116ed4bafc4,triple-purple,CULTURE,B,CONSISTENT,215,37530,0.3025,0.074,0.2051,0.8419,0.0238,0.5908,0.3395,0.3822,0.2512,True,0.2249,0.3965,True,5,6,0.2008,0.1549,180.4,0.7004,0.9637,0.2448,100.59,740566.9415,0.9613,0.708,2026-01-01
0x91572b16dc769ef8b8f1f98d5270b05a36e3626b,0x91572B16dC769ef8b8F1F98D5270B05A36e362,FINANCE,"B,C",REPLICATES_WEAK,77,76000,0.0612,0.0557,0.0426,0.961,-0.0013,0.1014,0.9221,0.0863,0.0166,True,0.0017,0.0989,True,2,3,0.5247,0.0224,113.2,0.7004,0.7148,0.9094,547.0,4392.1582,2.2476,0.2081,2026-03-10
0x54525ee78bd513b0bf75f94e560158f6fc35d448,DavidShekel,SPORTS,"A,B,C",REPLICATES_WEAK,1237,772381,0.0277,0.0174,0.0351,0.9143,-0.0149,0.0693,0.7615,0.0145,0.0411,True,0.0419,0.0163,True,5,6,0.1736,0.009,181.4,0.6966,0.9661,0.6286,82.8,3997.67,4.5877,0.978,2026-01-01
0xc3db6a07351313cc684759dee1722d2bb1e90f98,0xC3Db6a07351313cc684759Dee1722D2bB1e90F,POLITICS,"B,C",CONSISTENT,150,237985,0.3833,0.1576,0.326,0.9733,0.1033,0.6705,0.3933,0.4345,0.0472,True,0.0649,0.6035,True,3,4,0.4411,0.1655,140.3,0.6916,0.7908,0.4113,274.7326,1766253.2976,16.2815,0.812,2026-02-11
0x5a218c7ad04135830a45c41aaed7294df7809318,balthazar,"CULTURE,FINANCE,POLITICS,SPORTS,TECH","A,B,C",REPLICATES_WEAK,21802,11971453,0.0141,0.0088,0.0102,0.678,-0.0051,0.0315,0.6704,0.0086,0.0505,True,0.0279,0.0008,True,6,6,0.0843,0.0069,181.3,0.6901,0.8849,0.6222,35.99,10729.5897,1.7786,0.307,2026-01-01
0x9d84ce0306f8551e02efef1680475fc0f1dc1344,ImJustKen,POLITICS,"A,B,C",ONE_PERIOD,363,3858725,0.0794,0.0321,0.1134,0.8733,0.0088,0.1509,0.5868,-0.0202,0.2422,False,0.1318,0.0566,True,6,6,0.2737,0.0377,178.0,0.6844,0.8926,0.4042,1345.2131,619872.4726,30.9272,0.991,2026-01-01
0x128cd861e622eb5951c55b730ec60115a46bad12,zhangyu1377,CULTURE,B,REPLICATES_WEAK,162,195667,0.0892,0.0532,0.0609,0.8086,-0.0041,0.1956,0.5556,0.1568,0.0271,True,0.0799,0.1035,True,6,6,0.3932,0.0216,178.6,0.6837,0.9548,0.5959,420.8942,123874.4183,13.6829,0.758,2026-01-03
0xa804390f80019699ab34a282c0df7528fba82a75,riverskew,SPORTS,"A,B,C",REPLICATES_WEAK_YOUNG,313,1213748,0.1606,0.0674,0.1606,1.0,-0.0199,0.3671,0.5463,,,,0.1803,0.14,True,,,0.2101,0.0499,22.4,0.6676,0.9994,0.4198,2603.5531,392643.4885,6.2038,0.935,2026-06-09
0x6e82b93eb57b01a63027bd0c6d2f3f04934a752c,DLEK,SPORTS,"A,B,C",REPLICATES_WEAK,711,9976461,0.0625,0.0346,0.0616,0.9986,-0.0194,0.142,0.5893,0.0705,0.0544,True,0.0548,0.0711,True,4,5,0.0505,0.0449,181.1,0.6643,0.9873,0.5539,6280.3849,274351.1153,0.4058,0.649,2026-01-01
0x134a63b764ac7b008356e8db1857db94e6b09e42,Bertapotamous,POLITICS,"A,B",REPLICATES_WEAK,960,1556048,0.1459,0.0789,0.1588,0.9896,-0.0309,0.3821,0.9104,0.1006,0.1607,True,0.0228,0.2754,True,5,6,0.5863,-0.0087,180.5,0.6635,0.8352,0.5409,336.9393,6852.9467,6.3251,0.925,2026-01-01
0x3594526e2a0aaf467038ee1799d6ded344aedc58,Linslav,TECH,"B,C",REPLICATES_WEAK,107,61504,0.2257,0.083,0.0697,0.9813,-0.0284,0.4958,0.4953,0.2511,0.2162,True,0.3078,0.1631,True,5,6,0.2746,0.0899,179.4,0.663,0.9186,0.3676,260.02,303218.2999,20.6404,0.4484,2026-01-02
0xe5241830e8876c115d7dc8311ad9f43d85fdd34f,Sportbetting76,SPORTS,"A,B,C",REPLICATES_WEAK,709,2509310,0.117,0.0513,0.1051,0.9845,-0.0201,0.2519,0.4838,0.1341,0.0942,True,0.116,0.118,True,5,6,0.1301,0.0485,179.6,0.6605,0.9606,0.4384,1058.7484,129499.2649,0.0156,0.959,2026-01-01
0x6d9fc316c3b8377060a44b852ba664adbfd59790,MEPP,POLITICS,"A,B,C",CONSISTENT,357,2309884,0.0921,0.0585,0.0337,0.6863,0.0031,0.2057,0.6387,0.0367,0.1453,True,0.1251,0.0734,True,4,6,0.2556,0.0385,176.0,0.6593,0.887,0.6352,1386.7936,2484250.1888,20.9131,0.846,2026-01-01
0xc57f19fd86e4531560980d1cd73310c9fbfbc909,CK61,SPORTS,"A,B,C",REPLICATES_WEAK_YOUNG,40,955803,0.2844,0.1428,0.2844,1.0,-0.0891,0.5554,0.6,,,,0.2936,0.2709,True,,,0.5035,0.0491,7.7,0.6544,1.0,0.502,12450.0,6122788.1006,0.08,0.947,2026-06-24
0xad89f899f1524533adfd1e6a07da692fcd92f6e1,VivaMoldova,CULTURE,"B,C",REPLICATES_WEAK,630,992746,0.0821,0.0425,0.079,0.9063,-0.0194,0.1774,0.7317,0.1683,0.0446,True,0.1269,0.034,True,4,6,0.3403,0.0176,180.9,0.652,0.9526,0.5177,223.6712,38667.7419,7.1756,0.92,2026-01-01
0xd5ccdf772f795547e299de57f47966e24de8dea4,tsybka,POLITICS,"A,B",REPLICATES_WEAK,202,4795061,0.011,0.0104,0.0098,0.9406,-0.0186,0.0351,0.7129,0.0038,0.0222,True,0.0049,0.0141,True,5,6,0.414,-0.0042,178.0,0.6507,0.915,0.9445,1611.1266,170005.8501,17.221,0.861,2026-01-01
0xe9a6ed2e4d4ee8ce47cd47cac834746dc4cf627b,Oneger,SPORTS,"A,B,C",REPLICATES_WEAK_YOUNG,78,2397545,0.2386,0.1233,0.2278,1.0,-0.0695,0.5194,0.5641,,,,0.2033,0.2617,True,,,0.3236,0.0706,18.9,0.6493,1.0,0.517,20000.0,2584162.249,0.0361,0.3377,2026-06-13
0x0dde1b35552efae5aa3759aedb6fa7b2d6f594c3,DFK,POLITICS,B,ONE_PERIOD,125,523792,0.0152,0.0145,0.0129,0.776,-0.0271,0.0439,0.96,0.0346,-0.021,False,0.0497,-0.0193,False,5,6,0.1953,0.0074,172.5,0.6484,0.6851,0.9547,1898.6623,451965.0175,63.2685,0.826,2026-01-01
0xa6657ab4eb9d92c8bbfb1d1d52ce7205e4ca01e3,MikeAddon,CRYPTO,"A,B",REPLICATES_WEAK,14028,3130098,0.0152,0.0091,0.0152,1.0,-0.0002,0.0311,0.5484,0.0107,0.0178,True,0.0137,0.0167,True,5,6,0.003,0.0143,160.0,0.6465,1.0,0.5959,120.55,28711.3874,0.0082,0.195,2026-01-23
0x7fa6c6474e20e9f6ce388847be32611667e216f9,PickleRick,CULTURE,B,CONSISTENT,331,183898,0.0441,0.0379,0.0339,0.9215,0.0074,0.0976,0.719,0.0764,0.0016,True,0.0222,0.066,True,4,6,0.3992,0.0156,180.2,0.6458,0.9732,0.8605,103.074,18128.4995,5.7052,0.692,2026-01-01
0x7dcf235766e6b09c8869468a75d5495cf171a7bd,godblessme2026,FINANCE,"A,B",NO_EDGE,9050,909756,-0.0001,-0.0001,-0.0013,0.9407,-0.0083,0.0068,0.9354,-0.0009,0.0021,False,0.0034,-0.0035,False,4,6,0.089,-0.0029,70.5,0.6405,0.7375,0.9526,29.97,7415.7608,1.322,0.174,2026-04-22
0xb0c85813a7a4428f1139ff91d3118a92c391fe7f,lebron.bames.jond,"CULTURE,FINANCE,TECH","A,B",NO_EDGE,5578,682755,-0.0002,-0.0001,0.0027,0.9426,-0.0175,0.015,0.8996,,,,0.0075,-0.009,False,,,0.0727,-0.0045,7.7,0.6346,0.6121,0.8569,47.8561,6681.6066,1.1736,0.207,2026-06-24
0x215adbb63b47d0ca92f849fe2c2dc1adb0f6254c,BikesAreTheBikes,FINANCE,"B,C",REPLICATES_WEAK,1103,19973,0.0303,0.0134,0.0207,0.9646,-0.0116,0.0712,0.505,0.0218,0.0383,True,0.0498,0.0116,True,4,4,0.0693,0.0155,142.3,0.6331,0.9628,0.4433,11.6017,86677.1271,15.2865,1.0,2026-01-01
0x7f9e2d1df78614564a70becc7fa14aa9a6623a0e,nojnn,POLITICS,"A,B",ONE_PERIOD,216,2494928,0.2222,0.1452,0.1484,0.9861,0.0932,0.32,0.7546,0.3437,-0.0518,False,0.2302,0.2138,True,3,6,0.3171,0.1476,165.9,0.6322,0.7589,0.6534,2900.0,2778359.8264,21.1329,0.005,2026-01-16
0xdacf9f8d0341fa3770fae5c7ccd9dcfed23e3c74,CosmicCedar,TECH,"B,C",ONE_PERIOD,1668,721482,0.0021,0.0018,-0.001,0.9742,-0.0351,0.0329,0.9406,-0.0207,0.0353,False,-0.0055,0.0105,False,5,6,0.2437,-0.0074,181.9,0.632,0.974,0.8691,148.0446,1575.6794,5.4827,0.299,2026-01-01
0x4526964246242015bfa78c294033565be6797a45,neetbets,CULTURE,B,ONE_PERIOD,219,340861,0.0201,0.0181,0.025,0.9269,-0.0181,0.0626,0.895,-0.001,0.031,False,-0.0099,0.0363,False,3,4,0.4487,-0.0008,151.1,0.6295,0.9953,0.8998,485.5,103547.4255,11.6848,0.931,2026-01-25
0x60a92c8620846d81f5ea17b0564e0d4b7c545a71,paddaa,CULTURE,"A,B,C",CONSISTENT,633,1169266,0.1454,0.0591,0.0955,0.7488,0.0196,0.2923,0.5024,0.0824,0.1652,True,-0.0103,0.2587,False,5,6,0.3059,0.052,181.8,0.6275,0.8386,0.4066,600.0,344679.5631,31.151,0.763,2026-01-01
0xfea31bc088000ff909be1dfd8d0e3f2c7ef2d227,ndb1,"CRYPTO,SPORTS","A,B,C",REPLICATES_WEAK,1011,14899074,0.0666,0.0481,0.0709,0.9753,-0.0375,0.1668,0.8635,0.0853,0.054,True,0.149,-0.0523,False,5,6,0.284,0.008,97.7,0.6262,0.8741,0.7218,1317.3755,60334.2114,11.1755,0.977,2026-03-26
0xa0a5078359dad63993a868f6d2db82d3a7b3606f,0xA0a5078359daD63993a868F6d2Db82D3a7b360,CRYPTO,B,REPLICATES_WEAK_YOUNG,794,186535,0.1278,0.0678,0.1651,0.9824,-0.0568,0.2992,0.539,,,,0.1754,0.0883,True,,,0.1197,0.0723,52.4,0.6228,1.0,0.5308,108.0118,93927.6002,0.0035,0.094,2026-05-10
0xfd557e6db670c9704bc1d0d8e8b585c7d9c9f905,northdrawer,FINANCE,"A,B",REPLICATES_WEAK,19515,1914167,0.0002,0.0002,-0.0004,0.9732,-0.0105,0.0117,0.8559,0.0,0.0006,True,0.0152,-0.0142,False,4,6,0.0553,-0.004,70.7,0.6225,0.7872,0.853,35.964,8038.5366,0.9718,0.11,2026-04-22
0x090af6fd2aeb04202abc97370aa86c1b81d90fa6,VictorLudorum,"FINANCE,TECH","A,B,C",NO_EDGE,8791,2596542,-0.0014,-0.0013,0.001,0.948,-0.0272,0.0249,0.9321,-0.0025,0.0007,False,-0.0018,-0.0011,False,4,5,0.2137,-0.0119,157.4,0.6211,0.8848,0.8983,29.97,47033.3906,10.403,0.301,2026-01-25
0x88c4919de76e526d55a32c1f8afb439dd1f1129a,QuietRiskisWrong,POLITICS,"A,B",ONE_PERIOD,279,3683862,0.1841,0.114,0.1161,0.9928,0.0363,0.3388,0.8351,0.3015,-0.0219,False,0.2429,0.1245,True,2,5,0.3977,0.0758,149.8,0.6204,0.7696,0.6192,4701.9999,910813.9964,19.4097,0.0,2026-02-01
0x000d257d2dc7616feaef4ae0f14600fdf50a758e,scottilicious,POLITICS,"A,B",REPLICATES_WEAK,205,5956864,0.0177,0.0162,0.0309,0.878,-0.0143,0.0481,0.9024,0.0265,0.0052,True,0.0427,-0.003,False,4,6,0.2525,0.0045,180.5,0.619,0.892,0.9144,7230.3337,1279701.1973,25.3783,0.735,2026-01-01
0xd4aea3e87d6d16badf19386f2049342b0e138ead,shijiebeiyingshibei,SPORTS,"A,B,C",REPLICATES_WEAK_YOUNG,187,96135,0.5996,0.1014,0.6343,0.984,-0.031,1.343,0.1711,,,,0.5659,0.6636,True,,,0.5137,0.093,14.5,0.6159,1.0,0.1692,76.1642,150075.3872,0.0526,0.981,2026-06-17
0x9b89ef1f344d3e17b37ccdff3bccf62d04f04244,Woaifacai,SPORTS,"A,B,C",REPLICATES_WEAK_YOUNG,105,1896780,0.2491,0.1213,0.2429,0.7714,-0.1077,0.6007,0.5429,,,,0.1288,0.3666,True,,,0.2622,0.1017,13.9,0.6157,1.0,0.4869,6117.732,2153448.4272,0.0235,0.929,2026-06-17
0xed2f4c1a5b2ea42eb0fbc9c03adc267a04c39897,0xeD2F4C1a5b2Ea42eb0FbC9c03ADc267a04C398,CRYPTO,"A,B,C",REPLICATES_WEAK_YOUNG,117,152242,0.2369,0.0599,0.2372,1.0,-0.0175,0.5385,0.3675,,,,0.169,0.4015,True,,,0.4091,0.0472,17.1,0.6127,1.0,0.2527,300.0,97062.5837,0.0019,0.739,2026-06-13
0xfbd8c9c22ca76b3662d0e53a4f79719fdc684027,0xfBd8C9C22cA76B3662d0e53A4f79719FDC6840,"CULTURE,FINANCE,POLITICS,TECH","A,B",LUCKY_FEW_MARKETS,24311,7066777,0.0033,0.0027,0.0054,0.9559,-0.021,0.0264,0.8887,,,,0.0132,-0.0071,False,,,0.1619,-0.0066,41.3,0.6123,0.7138,0.8325,49.938,5336.6913,1.5583,0.223,2026-05-21
0x9696400353b2f0b6becf4fbfdde86ffd680f0861,ent1337,CULTURE,"B,C",REPLICATES_WEAK,416,33381,0.5307,0.0669,0.0335,0.7067,-0.1019,1.5234,0.1851,0.6257,0.4662,True,0.5026,0.5645,True,5,6,0.3758,0.1118,180.0,0.6061,0.9964,0.1261,20.004,655168.7097,2.9334,0.895,2026-01-01
0x98f5d88798331947dc2a0f9087308a17c41f754f,gardenerCx,CRYPTO,"A,B,C",REPLICATES_WEAK,1284,51549,0.3491,0.0308,0.3491,1.0,-0.0387,0.8862,0.6628,0.2086,0.4959,True,0.0379,0.6564,True,4,6,0.3562,0.0169,68.5,0.5994,1.0,0.0882,9.7818,6247.0852,0.0001,0.761,2026-04-24
0x7d787c72c8317046fda90814a93c87fc192529a5,MD14,SPORTS,"A,B,C",REPLICATES_WEAK,371,2735015,0.1282,0.092,0.1269,0.8275,-0.0152,0.2661,0.6658,0.0852,0.1378,True,0.2197,0.0713,True,3,6,0.3958,0.0222,161.7,0.5991,1.0,0.7174,1341.4076,338623.4018,0.012,0.937,2026-01-21
0xf3505345381358c2311ef9bc8096ace10165f3ff,BettingQuant,FINANCE,B,REPLICATES_WEAK,1956,626400,0.0432,0.027,0.0377,0.9499,-0.0154,0.0965,0.6529,0.0476,0.0415,True,0.0509,0.0355,True,3,6,0.1189,0.0206,179.0,0.5969,0.9902,0.6259,57.5,16085.0707,0.9974,0.563,2026-01-01
0xf66f1f8f742b301e03eed9480956373a6ef98e0c,ronm238,"CRYPTO,FINANCE","B,C",ONE_PERIOD,67,274040,0.0574,0.0462,0.0188,0.9851,0.0098,0.0951,0.5373,0.0633,-0.0256,False,0.0329,0.068,True,4,5,0.4008,0.0347,179.6,0.5883,0.73,0.8055,541.08,2517449.7475,24.2685,0.54,2026-01-02
0xc5187cb669690150643ba2f9aac6b7d98d212594,mustbethewater,"FINANCE,TECH","A,B",REPLICATES_WEAK,17056,2798903,0.0006,0.0005,0.0006,0.999,-0.0093,0.0103,0.8827,0.0006,0.0006,True,0.0076,-0.0061,False,3,6,0.0656,-0.0033,181.7,0.5845,0.8682,0.8768,49.95,15238.3245,1.2516,0.295,2026-01-01
0xb51b3beffd13cde071ed799e70a7b0b598e8b4d9,cambridgeisaac,"FINANCE,POLITICS","B,C",REPLICATES_WEAK,833,1369745,0.0668,0.0435,0.0618,0.9016,-0.0383,0.1874,0.6543,0.0622,0.0733,True,0.0015,0.1161,True,5,6,0.3406,-0.0062,181.0,0.5839,0.9051,0.651,400.0,795269.8379,19.4056,0.718,2026-01-01
0xcd91a549956854fdc38efad7e80ff5da8f5432b8,Novus0rdoSeclorum,"CULTURE,TECH",B,ONE_PERIOD,12623,11774621,0.0,0.0,0.0014,0.9834,-0.0173,0.0155,0.8994,-0.0012,0.0105,False,0.003,-0.0026,False,3,6,0.1026,-0.0056,180.6,0.5777,0.9078,0.8662,95.9992,21015.4615,5.2787,0.344,2026-01-01
0x4985153fc851f9dcfdaa5021a533e8f0dcff28bd,mikka101,TECH,"B,C",REPLICATES_WEAK_YOUNG,23,172457,0.0235,0.0208,0.0234,1.0,-0.0301,0.0808,0.7391,,,,0.0007,0.0796,True,2,2,0.7214,-0.0092,137.6,0.5727,1.0,0.8841,1188.8716,1743134.6175,7.051,0.938,2026-01-13
0x55f544a537f6b9f50a8d27e662c250e93418e2a0,KevinEasyMoney27,SPORTS,"A,B,C",LUCKY_FEW_MARKETS,178,2413961,0.0376,0.0329,0.0344,1.0,-0.0675,0.1081,0.8989,,,,0.0924,-0.0233,False,,,0.2479,0.0109,16.2,0.5705,0.9979,0.8751,5000.0,601634.9953,0.0872,0.822,2026-06-15
0xf1528f12e645462c344799b62b1b421a6a4c64aa,phonesculptor,SPORTS,"A,B",REPLICATES_WEAK,501,4581700,0.0257,0.0191,0.0326,0.9281,-0.0582,0.1009,0.6986,0.0035,0.0492,True,0.0034,0.0425,True,4,6,0.0987,0.0048,180.1,0.5697,0.9994,0.7419,2571.5206,545505.8922,6.999,0.98,2026-01-02
0x477f156a229f1a174fdf945c778b7362dd2b19aa,TradeDeficitArchitect,CULTURE,B,REPLICATES_WEAK,378,403894,0.0438,0.0278,0.0263,0.9577,-0.0173,0.1084,0.6905,0.046,0.0397,True,0.0273,0.0559,True,2,4,0.2448,0.0133,151.3,0.5641,0.8835,0.6331,191.301,305375.1755,5.883,0.923,2026-01-02
0x077cc94527bc666599943423f0061778e8e98b1f,.moar.766Dd-94077Cc94527BC6,"FINANCE,TECH",B,NO_EDGE,4867,582369,-0.0042,-0.0033,-0.0041,0.9445,-0.0271,0.0174,0.8987,,,,0.0137,-0.0219,False,,,0.1217,-0.0116,11.2,0.5603,0.5875,0.7887,29.88,7733.7979,0.9931,0.396,2026-06-20
0xa3282d3e882501229c75d0caf134e62e3afb4977,korda77,"FINANCE,POLITICS,TECH","A,B",NO_EDGE,9833,1725528,-0.0008,-0.0007,-0.0103,0.7915,-0.0156,0.0142,0.8933,-0.0032,0.005,False,0.0014,-0.003,False,3,6,0.1076,-0.007,90.3,0.5596,0.7681,0.8753,57.4,8573.5208,2.119,0.206,2026-04-02
0xf5c49ad254b1d53ea0b86fb285dd3f11dc800926,0xdamocles,POLITICS,"B,C",REPLICATES_WEAK,70,754078,0.0253,0.0214,0.0279,0.7857,-0.0188,0.0744,0.6571,0.0339,0.0177,True,0.0124,0.0472,True,3,5,0.3484,0.0043,174.9,0.5587,0.9382,0.8454,1975.0,6361686.3014,22.2514,0.87,2026-01-01
0x53e55bc7cb3d67ad177c023ce891ad076a9d6177,Arbguy,CULTURE,"A,B",REPLICATES_WEAK,141,2711061,0.2376,0.0498,0.3365,0.8014,-0.0217,0.5734,0.4468,0.156,0.3528,True,0.2116,0.2724,True,4,6,0.4684,0.028,178.2,0.5577,0.8851,0.2097,6533.2526,7913769.2025,15.4393,0.902,2026-01-03
0x03805a13a0b3e058f55f6c6af95389d4f431073d,donthackme,"FINANCE,POLITICS,TECH","A,B",NO_EDGE,13545,7656521,-0.0004,-0.0003,-0.0004,1.0,-0.0318,0.0295,0.8958,,,,0.0196,-0.0217,False,,,0.1616,-0.012,34.2,0.5532,0.6096,0.8207,36.2299,7458.7621,1.3113,0.18,2026-05-28
0x3dd2db2d398ff72c2c71c9ad6473368b941e9ab1,paspor,"POLITICS,TECH","A,B",NO_EDGE,24670,6786872,-0.0026,-0.0023,-0.0063,0.6405,-0.0112,0.0057,0.8933,-0.004,0.0018,False,-0.0021,-0.0031,False,3,6,0.0609,-0.0055,182.0,0.5532,0.9417,0.8809,75.1935,14389.8876,3.7675,0.204,2026-01-01
0xb4f2592e67c333e73c923547cfe05e768180e5fa,M2sx92kljs42,POLITICS,B,ONE_PERIOD,272,500837,0.0226,0.0158,0.0225,0.8897,-0.0847,0.1225,0.8051,0.1638,-0.0341,False,0.0004,0.0418,True,5,6,0.1302,-0.0056,177.0,0.5526,0.942,0.6978,992.967,332468.9232,26.203,0.713,2026-01-01
0x04bf21c2527ae8d54a2f713a6420c608366c7caf,Red781RuM,"CULTURE,TECH",B,REPLICATES_WEAK,361,272441,0.0329,0.0228,0.0657,0.9169,-0.0441,0.1254,0.6482,0.023,0.0506,True,0.0432,0.0248,True,5,6,0.2926,-0.0185,171.7,0.5501,0.9528,0.6933,309.7,828372.3629,17.9302,0.852,2026-01-02
0xf9b71663d723d28fa455db659098e1dacde860a4,siick,POLITICS,"B,C",ONE_PERIOD,541,411391,0.0711,0.032,0.0844,0.8447,-0.0544,0.1936,0.4954,0.1504,-0.009,False,0.0618,0.0836,True,5,6,0.1298,0.028,177.6,0.5489,0.8797,0.4497,192.0,555678.2663,0.2577,0.871,2026-01-01
0x511f9c771449162349795d17becf8b37031acbe1,Bigggggggg,"FINANCE,TECH","A,B,C",NO_EDGE,2559,1991341,-0.0044,-0.0037,0.0039,0.6952,-0.0479,0.0369,0.8609,,,,-0.0018,-0.0067,False,,,0.149,-0.0181,46.3,0.5483,0.546,0.8357,131.868,52661.328,5.8635,0.483,2026-05-16
0x64e93f87d8a0c1b2cde6f20d71f211372a95eb4c,oudine2,SPORTS,"A,B,C",REPLICATES_WEAK,271,539703,0.0652,0.0327,0.0883,0.6679,-0.0774,0.2053,0.5129,0.1406,0.0442,True,0.0987,0.0254,True,5,6,0.1702,0.0077,181.0,0.5417,0.9999,0.5026,690.0,2110137.799,0.1228,0.969,2026-01-01
0x0224bb9eb0a5c9fd261ac9123a72cbdd5748292a,zb8,CULTURE,"B,C",REPLICATES_WEAK,312,1588702,0.0598,0.0318,0.0646,0.9487,-0.038,0.1814,0.5833,0.1228,0.0381,True,0.0046,0.0882,True,3,4,0.4139,-0.0036,181.7,0.5416,0.9514,0.5323,718.1804,694775.4299,3.5712,0.923,2026-01-01
0x4388640a35b4ecebc33f8c73b58a2b988c615050,Started-with-20-USD,FINANCE,"B,C",ONE_PERIOD,773,71602,0.1374,0.0583,0.1616,0.9327,-0.0039,0.2822,0.5032,-0.0107,0.1739,False,0.1262,0.1456,True,3,5,0.1265,0.0897,153.5,0.539,0.8667,0.4245,16.643,14616.736,4.2768,0.475,2026-01-29
0xfbfd14dd4bb607373119de95f1d4b21c3b6c0029,XAE12Archangel,FINANCE,"B,C",ONE_PERIOD,480,1555898,0.001,0.0002,0.0117,0.8562,-0.0338,0.0266,0.8833,-0.0454,0.0146,False,0.0061,-0.0035,False,4,6,0.2724,-0.0095,166.1,0.5382,0.8734,0.1619,291.0,104348.7618,29.2756,0.987,2026-01-01
0xdd225a03cd7ed89e3931906c67c75ab31cf89ef1,Euan,TECH,"B,C",REPLICATES_WEAK,177,1526982,0.0343,0.0213,0.0243,0.9209,-0.0416,0.1265,0.5706,0.152,0.0096,True,0.0173,0.0447,True,4,5,0.4763,-0.0064,179.8,0.5347,0.9857,0.6222,500.0,382180.9928,3.9927,0.978,2026-01-01
0xc25427ea224b8f9fa2df801233f944006ed33f73,TeemuPukki,POLITICS,B,REPLICATES_WEAK,202,901628,0.0131,0.0119,0.0097,0.8812,-0.0405,0.0755,0.6733,0.0133,0.0127,True,0.0139,0.0124,True,4,6,0.5462,-0.0154,181.5,0.5344,0.9754,0.911,663.4434,521996.4344,1.3086,0.843,2026-01-01
0xbacd00c9080a82ded56f504ee8810af732b0ab35,ScottyNooo,CULTURE,"A,B,C",ONE_PERIOD,1156,22797832,0.0074,0.0044,0.0078,0.974,-0.0321,0.042,0.5718,0.0298,-0.02,False,0.0262,-0.0058,False,5,6,0.1592,-0.0048,181.0,0.5336,0.9579,0.596,1613.651,671863.6061,24.2764,0.842,2026-01-01
0xe91171f655be1568e4c63f29663c0028649e3d4e,0xE91171f655bE1568e4c63f29663c0028649e3d,SPORTS,"A,B,C",REPLICATES_WEAK,40884,10892083,0.0103,0.0049,0.0024,0.9885,-0.0067,0.0274,0.4813,0.0099,0.0108,True,0.0201,0.0007,True,4,6,0.0104,0.0073,182.0,0.5306,0.9965,0.4716,45.03,36558.2648,0.2365,0.177,2026-01-01
0x9a3fa403a6666eef75f92f181fcf13f9c051914a,Rex416,"CULTURE,FINANCE,POLITICS","A,B,C",ONE_PERIOD,1449,1237647,0.0497,0.022,0.0288,0.7785,-0.0003,0.1028,0.6598,-0.0277,0.0924,False,0.0027,0.0951,True,3,6,0.1059,0.0261,181.9,0.53,0.9446,0.4419,379.7644,248813.8396,5.3323,0.85,2026-01-01
0x4f1d5ae26fc31472966e951af3183308736d8de2,e46m3,FINANCE,"B,C",ONE_PERIOD,15703,5829353,0.0082,0.0066,0.0116,0.9675,-0.0176,0.0353,0.8293,0.0132,-0.0002,False,0.0243,-0.007,False,3,6,0.1753,-0.0057,82.2,0.527,0.7446,0.8063,24.9549,11373.6621,1.1107,0.22,2026-04-10
0x26a9db0464b0223ec750d64db9c8f3b27dc2f6b7,Ztalic,CULTURE,B,ONE_PERIOD,313,162113,0.0079,0.0053,0.0086,0.9872,-0.0147,0.0299,0.853,0.0241,-0.0025,False,0.0312,-0.019,False,3,6,0.3589,-0.0014,180.2,0.5239,0.9756,0.6683,99.1,6167.3605,4.987,0.772,2026-01-02
0x4ee29e4e7d4c380babeae5e22e5c02400c2246e1,IH2P,CRYPTO,"A,B,C",ONE_PERIOD,5077,8998931,0.016,0.0098,0.0153,0.9959,0.0014,0.031,0.571,0.0481,-0.0241,False,0.0196,0.0125,True,4,6,0.034,0.0125,181.9,0.5192,1.0,0.61,502.017,78163.1316,4.3258,0.61,2026-01-01
0x28bf066c6cb952da62d6d182c16ad173ada64a4e,plainfolder,FINANCE,B,REPLICATES_WEAK,18712,1794906,0.0033,0.0025,0.0022,0.9684,-0.0173,0.0268,0.8227,0.0038,0.0023,True,0.014,-0.007,False,3,6,0.0971,-0.0091,70.8,0.5096,0.7868,0.7567,34.3826,8412.5572,0.968,0.086,2026-04-22
0x8b8b9c565c8dca43cfb767f0f2c20b2b323d2512,0x8B8b9c565C8dCA43cfb767F0F2C20B2B323d25,FINANCE,B,LUCKY_FEW_MARKETS,14233,344316,0.0222,0.0116,0.0222,0.9953,-0.0104,0.0635,0.5464,,,,-0.0129,0.0549,False,,,0.2228,-0.0035,46.9,0.5096,0.9734,0.5216,8.7,7033.6199,0.5998,0.16,2026-05-16
0xe0f1e7751df4035f78a5eb2f4296c98b4d5bc4bd,CompulsiveGambler,"POLITICS,TECH","B,C",ONE_PERIOD,225,159737,0.0102,0.007,0.0692,0.8044,-0.0628,0.076,0.6844,0.0313,-0.0224,False,-0.0333,0.049,False,5,6,0.19,-0.0177,171.5,0.5078,0.8502,0.687,356.89,323407.72,24.7733,0.878,2026-01-01
0xd6b6f6924341b00626e603240f799644d4b6342b,sciuboi,POLITICS,B,REPLICATES_WEAK,72,107747,0.1352,0.0858,0.1071,0.8889,-0.1034,0.3998,0.6667,0.0473,0.2777,True,0.2685,0.0112,True,4,5,0.538,-0.0382,161.0,0.506,0.3375,0.6345,382.1,375253.8563,2.5053,0.653,2026-01-04
0x5ce3c43f2b2be1b51ec5f4920acbf7340733f779,JJJx1,TECH,B,ONE_PERIOD,81,24233,0.1086,0.0605,0.1298,0.9383,-0.0559,0.3046,0.7531,0.1413,-0.0086,False,0.164,0.0473,True,4,6,0.5613,-0.0085,124.5,0.5058,0.5456,0.5568,97.0873,17929.944,11.7804,0.537,2026-02-26
0xec8f31976d2a3260a42944cd5498c577162f8df8,N0wh3r3T0YEETT0n1ght,SPORTS,"A,B,C",REPLICATES_WEAK,2926,2523587,0.024,0.012,0.024,1.0,-0.0094,0.0554,0.4826,0.0141,0.0289,True,0.0638,-0.019,False,4,6,0.0924,0.012,99.3,0.5038,1.0,0.5012,260.0251,93736.3589,0.0033,0.763,2026-03-24
0x982a77e75498fa134607f598c861b8de9d0c6851,grasstoucher69,FINANCE,"A,B,C",ONE_PERIOD,1534,399852,0.0203,0.0103,0.0201,1.0,-0.0082,0.0485,0.5756,-0.011,0.0503,False,0.0328,0.0092,True,3,6,0.05,0.0131,105.6,0.503,1.0,0.5093,72.14,2172.238,0.4454,0.423,2026-03-18
0x3dfb153c197d4c19d3b31c1ecd2c7b6860eeabaf,0x3DFb153c197D4C19D3B31c1ecD2c7B6860eeab,SPORTS,"A,B,C",ONE_PERIOD,853,21658089,0.0312,0.0148,-0.0625,0.8992,-0.0616,0.1305,0.5041,-0.0078,0.0549,False,0.0479,0.0129,True,5,6,0.0489,0.0077,66.3,0.5011,0.9985,0.4747,16450.0,646319.5325,0.1263,0.983,2026-04-26
0x5095e97281f28d4d8549fd3834802c24cbb793ee,0x5095e97281f28d4d8549fd3834802c24cbb793,CULTURE,"B,C",ONE_PERIOD,170,175516,0.1168,0.0515,0.1702,0.8,-0.0395,0.2883,0.6059,0.2628,-0.0232,False,0.1172,0.1163,True,4,6,0.2491,0.0369,176.6,0.5001,0.9949,0.4408,388.2795,58565.0863,2.5324,0.852,2026-01-02
0x784feec38475dc47e63c3a16cbd24b905dab5df9,diadjaid,POLITICS,"B,C",REPLICATES_WEAK,280,1218129,0.1086,0.0326,0.1271,0.7857,-0.0157,0.2476,0.4964,0.139,0.0537,True,-0.0173,0.1952,False,4,6,0.3258,0.0288,179.5,0.4995,0.8255,0.3002,590.0,931283.8638,24.8463,0.866,2026-01-01
0xc6dd722558dbfbd8fa780efcbe819ed8c6604b9f,tourists,TECH,B,ONE_PERIOD,358,6828304,0.0135,0.0109,0.0188,0.7849,-0.0229,0.0488,0.7235,-0.0017,0.0215,False,0.0165,0.012,True,2,6,0.1596,0.0022,180.5,0.4991,0.9142,0.8052,2398.338,1188842.1931,22.227,0.834,2026-01-01
0x12ed45d2b45259d27a7fb593e564cd269c4fc9b4,sazzaa,CULTURE,"A,B,C",REPLICATES_WEAK,247,53255,0.1922,0.0468,0.047,0.1012,-0.1289,0.5169,0.2591,0.1236,0.2434,True,0.1203,0.2837,True,6,6,0.2663,-0.0078,138.8,0.497,0.9871,0.2438,91.6969,630374.0834,2.6245,0.706,2026-02-11
0x92d8a88f0a9fef812bdf5628770d6a0ecee39762,pfk.bgd,SPORTS,"A,B,C",REPLICATES_WEAK,228,554215,0.1383,0.0768,0.1505,0.8728,-0.0375,0.3511,0.5219,0.3619,0.0883,True,0.0339,0.1767,True,4,6,0.4981,-0.0078,176.3,0.495,1.0,0.5554,104.0,267524.2639,0.2234,0.934,2026-01-03
0xdf17f4a8dd01a4cfa6fc3da323a2baee5f8697d1,bahibahibahi,"CULTURE,POLITICS","A,B,C",REPLICATES_WEAK,566,5000266,0.0659,0.0245,0.0708,0.8145,-0.0319,0.1873,0.6979,0.0165,0.1226,True,-0.0265,0.1374,False,4,6,0.5571,-0.0132,174.7,0.4911,0.8581,0.3717,1036.5482,1123929.8301,17.4955,0.878,2026-01-04
0x34b017fb6d3bfd4ec337d459666ee612b6a9d620,mikecoin1,FINANCE,B,ONE_PERIOD,129,100791,0.049,0.0375,0.0662,0.938,-0.0334,0.1355,0.6512,0.1687,-0.0209,False,0.0189,0.0719,True,4,6,0.3664,0.0063,68.1,0.4903,0.9568,0.7664,180.885,7594.9697,0.8923,0.756,2026-04-24
0x671a326088dea34b79c51947e4a92c83545a2f1e,GingerMcKenna,FINANCE,"A,B",NO_EDGE,5683,837929,-0.001,-0.001,-0.0012,0.9956,-0.0259,0.0187,0.9081,-0.0043,0.0068,False,0.0093,-0.0118,False,2,6,0.1726,-0.0088,98.2,0.4897,0.7403,0.9159,37.4497,23489.1966,4.8553,0.257,2026-03-25
0x8b887c9ad761b851d9e14510ea9aae04a01e8f33,lluucckkyy,SPORTS,"A,B,C",REPLICATES_WEAK_YOUNG,279,1296740,0.1057,0.0551,0.1409,0.9821,-0.0976,0.2973,0.5197,,,,0.1418,0.0634,True,,,0.2182,-0.0052,47.2,0.4897,0.9943,0.5217,2105.0805,168049.2918,0.1903,0.974,2026-05-15
0x614dc8d3542c12103d2c6a3553fd761e391d1546,mr.ozi,POLITICS,"A,B,C",REPLICATES_WEAK,284,3806286,0.0663,0.0393,0.1048,0.7817,-0.0589,0.198,0.7113,0.0525,0.0883,True,-0.0075,0.1297,False,4,6,0.3136,-0.0089,178.5,0.4881,0.8908,0.5921,4931.186,3372286.6355,19.325,0.849,2026-01-03
0xfc2f4f50ce2f6045d35558a5e2d8d4b2ac6610c7,0xFc2F4f50ce2F6045d35558A5E2D8d4b2aC6610,POLITICS,"A,B,C",REPLICATES_WEAK,619,4679630,0.2348,0.063,0.0114,0.8158,-0.0566,0.5668,0.4071,0.2381,0.2313,True,0.1439,0.3077,True,4,6,0.4536,-0.0108,150.5,0.4877,0.9085,0.2683,1557.2737,1272850.4968,20.0374,0.802,2026-01-23
0x6b44cdccdc280e6d0be71782f0772a6bf4b2be1e,nufonehudis67,TECH,"B,C",REPLICATES_WEAK,349,151253,0.0888,0.033,-0.0094,0.7221,-0.0572,0.2553,0.6304,0.1397,0.0339,True,0.1627,-0.0009,False,3,5,0.315,0.0008,178.7,0.4824,0.8022,0.3709,145.791,231473.3579,15.1573,0.692,2026-01-01
0xf797d4d1c038d1eb0593edae0e66bf8e4b2e0bf2,DerDon,FINANCE,"B,C",ONE_PERIOD,325,194472,0.1091,0.0432,0.0858,0.8615,-0.0882,0.3332,0.5508,-0.0082,0.2038,False,0.2223,0.008,True,5,6,0.4065,-0.0277,179.9,0.478,0.9082,0.3958,88.16,177944.4708,21.0063,0.953,2026-01-02
0x8597ca63e722d6216bfc3057591fdc67ec49daee,Mr-Krabs,"CULTURE,TECH","A,B",ONE_PERIOD,225,874973,0.0256,0.0201,0.0334,0.8089,-0.0418,0.1036,0.7822,-0.0241,0.0707,False,-0.0497,0.0766,False,4,6,0.3134,-0.0147,178.8,0.4767,0.9108,0.7848,2385.3342,3411720.7077,20.406,0.966,2026-01-01
0xbe78735039230635d5debcdc11400619d7e2c533,splatloud,CULTURE,B,REPLICATES_WEAK,193,136661,0.0865,0.0365,0.1384,0.6684,-0.1244,0.3103,0.4249,0.0809,0.0937,True,0.0911,0.083,True,5,6,0.3309,-0.0328,177.6,0.4683,0.9915,0.4226,191.732,66548.905,2.6461,0.462,2026-01-01
0xcb14f61711d913773f4b982af340fa7eae175358,ooops,"CULTURE,TECH",B,ONE_PERIOD,391,60101,0.0215,0.0151,0.0215,0.9949,-0.0496,0.0901,0.6931,-0.0079,0.0496,False,0.0025,0.0403,True,3,6,0.1858,-0.0076,181.7,0.4669,0.9566,0.7014,76.6967,133733.8418,13.9371,0.963,2026-01-01
0xbf93328f8b69273453228a82c913207731822fd7,hell0pia,TECH,"B,C",REPLICATES_WEAK,49,604322,0.083,0.0543,0.165,0.8571,-0.2807,0.42,0.7347,0.0834,0.0827,True,0.0381,0.1197,True,4,6,0.3878,-0.0662,164.7,0.4639,0.9628,0.6545,3878.7839,1495880.3946,16.0398,0.856,2026-01-03
0xbace5a5a9e309d69164dc81788d353fed8d43429,kitten147,FINANCE,"B,C",ONE_PERIOD,144,378330,0.0183,0.0142,0.0481,0.8472,-0.1152,0.1085,0.7847,-0.0589,0.0814,False,0.0643,-0.0202,False,4,6,0.2234,-0.0069,180.7,0.4633,0.7358,0.7776,814.2,731215.4877,19.6072,0.872,2026-01-01
0xa49b6ea0a604c581f2a9569db42c192b1c487054,387411007415611814092217897387,"CULTURE,FINANCE",B,ONE_PERIOD,1915,316381,0.0849,0.0269,0.0758,0.7869,-0.0136,0.2034,0.4052,0.2785,-0.0218,False,0.1083,0.0592,True,4,6,0.2777,0.0125,181.4,0.4619,0.9514,0.3172,15.6,23074.7861,3.5825,0.928,2026-01-01
0x8806a6f1a847ba4360599ce0f54ce96167712e83,spendingmoney,SPORTS,"A,B",REPLICATES_WEAK_YOUNG,244,618248,0.1369,0.0627,0.2507,0.8033,-0.1343,0.439,0.5533,,,,0.1808,0.1127,True,,,0.454,-0.0292,37.1,0.4531,0.997,0.4582,599.9999,568742.7945,0.0304,0.941,2026-05-25
0xd86ec82a0da8c70d6c12ae06f2990b89bdca45ce,fgdfhr666,SPORTS,"A,B,C",LUCKY_FEW_MARKETS,55,288924,0.3986,0.2107,0.3974,1.0,-0.0914,0.7444,0.6727,,,,0.502,-0.008,False,,,0.635,-0.0184,6.1,0.4507,1.0,0.5287,1470.5,199555.5299,0.2528,0.867,2026-06-25
0x06b2934b382d4429d50d7239ee375a76167f9f35,0x06b2934b382D4429D50d7239eE375a76167f9f,FINANCE,"A,B,C",ONE_PERIOD,215,208732,0.3714,0.1583,0.3736,1.0,-0.0361,0.8646,0.493,-0.0423,0.4219,False,0.1687,0.7592,True,2,2,0.6098,0.0335,181.0,0.4475,1.0,0.4264,225.2633,176696.0632,0.0093,0.039,2026-01-01
0x0346afae2603313d2bbee96b628536c8cbe352a5,GoalLineGhost,SPORTS,"A,B,C",REPLICATES_WEAK,7594,38620309,0.0316,0.0185,0.0316,1.0,-0.0565,0.118,0.564,0.0026,0.0347,True,0.0516,0.0116,True,4,6,0.1806,-0.0144,69.3,0.4388,0.999,0.5865,261.2681,22524.3758,0.1795,0.924,2026-04-23
0x545129ec7719de8599872cc52850f9f19462616c,balekadyr,SPORTS,"A,B,C",LUCKY_FEW_MARKETS,31,747021,0.0308,0.0259,-0.0142,0.871,-0.2019,0.1774,0.9032,,,,0.0995,-0.0213,False,,,0.4724,-0.0432,14.9,0.4343,1.0,0.8396,14736.57,5427410.5566,0.0355,0.958,2026-06-16
0xef104cc70851a4246e8e06790d7fad9708190b43,fiankee,CRYPTO,"A,B",ONE_PERIOD,2455,892334,0.0137,0.0062,0.0137,1.0,-0.0648,0.0941,0.5084,0.0286,-0.0142,False,0.0422,-0.0178,False,4,6,0.0379,-0.0045,181.7,0.4319,1.0,0.4542,55.0,23959.5302,0.0355,0.251,2026-01-01
0x5011224f4848cb2cf2d87cf2b823551dfd0e220e,GCNO1,FINANCE,B,NO_EDGE,277,696566,-0.0009,-0.0007,-0.0076,0.852,-0.0656,0.053,0.8231,0.0316,-0.0789,False,0.01,-0.0082,False,4,6,0.2984,-0.0288,121.6,0.4307,0.9568,0.822,603.396,117316.7779,5.9296,0.862,2026-03-01
0x368ba69507fd67972059fa178af5e459b72f2458,RockyZet,POLITICS,"A,B",REPLICATES_WEAK,57,261731,0.074,0.0508,0.0683,0.7544,-0.0044,0.1592,0.6667,0.085,0.0642,True,-0.2459,0.094,False,2,4,0.6548,0.0045,167.9,0.4298,0.6996,0.6868,383.8136,13550398.0862,22.0091,0.992,2026-01-01
0x0b219cf3d297991b58361dbebdbaa91e56b8deb6,TerreMoto,POLITICS,"B,C",ONE_PERIOD,76,690202,0.0091,0.008,-0.0068,0.8816,-0.0327,0.0501,0.7237,0.0501,-0.0215,False,0.0311,-0.0065,False,3,6,0.4102,-0.0122,118.6,0.4267,0.9381,0.8819,2959.0119,5033124.1175,47.391,0.927,2026-01-01
0x2974bd0059e48f215c391882976e0f1b4c8c9c23,65765757,"FINANCE,POLITICS","A,B,C",ONE_PERIOD,177,2415850,0.0858,0.0629,0.0628,0.9887,-0.1092,0.2818,0.8192,0.1481,-0.1086,False,0.0437,0.1431,True,4,6,0.3833,-0.0093,131.6,0.4208,0.8329,0.7332,2857.0,2110344.9146,19.9401,0.001,2026-02-19
0x7f334b1b90f493088b52a7611f75864c6f23914e,pp101,FINANCE,B,REPLICATES_WEAK,625,146205,0.0634,0.0261,0.0878,0.9152,-0.0562,0.1905,0.4976,0.0669,0.062,True,-0.0394,0.1682,False,4,6,0.2,-0.001,90.0,0.3966,0.7942,0.4114,81.506,247143.5724,0.9757,0.41,2026-04-02
0x8a524bca5c742485c1ee2056735d1825e45bd74c,Ayanokoji67,TECH,"A,B,C",LUCKY_FEW_MARKETS,30,2435,1.1613,0.2775,1.189,1.0,-0.1713,1.5848,0.8,,,,-0.0177,1.5333,False,,,0.9675,-0.1004,32.9,0.3917,0.824,0.2389,15.83,10841.373,3.5811,0.1667,2026-05-27
0x9f208e85f326f865077fffa68b32d8b0e2bc12c3,mildwindow27,FINANCE,"A,B",NO_EDGE,6207,603675,-0.0299,-0.0282,-0.032,0.8515,-0.0429,-0.0201,0.894,-0.0597,-0.006,False,-0.0257,-0.0344,False,1,6,0.0657,-0.0313,75.7,0.389,0.7219,0.9441,35.718,5678.5582,1.2707,0.228,2026-04-17
0xf7bbfd4588f578697c0051e855d5d1a8838ba9f7,PiMaak,CULTURE,"B,C",ONE_PERIOD,125,46246,0.2409,0.1186,0.333,0.832,-0.1061,0.6583,0.704,-0.0385,0.471,False,0.4272,0.104,True,3,6,0.556,-0.031,180.9,0.3862,0.9697,0.4921,174.992,120372.5435,2.8625,0.86,2026-01-01
0xb028b82a80c2d1e855ab4f3cd3a18ecf76838686,Splatlouder,CULTURE,"A,B,C",REPLICATES_WEAK,223,322840,0.0536,0.028,0.135,0.7265,-0.0696,0.1715,0.5381,0.0566,0.0503,True,0.15,-0.0226,False,3,6,0.1746,0.0059,177.0,0.386,0.9835,0.5213,828.7766,62475.1908,2.8287,0.587,2026-01-02
0xf3c73f43afd680a35b4c65af727ebf7a495dc83b,Swooferdeluxe,SPORTS,"A,B,C",REPLICATES_WEAK,105,698024,0.1814,0.1054,0.2518,0.9048,-0.1018,0.4569,0.6381,0.1952,0.1725,True,0.3813,-0.135,False,4,6,0.5554,-0.0351,73.5,0.3769,0.9971,0.5812,1498.592,1849049.4715,0.0716,0.973,2026-04-18
0x381b9294c1b95b61d018ff56312fbcc4897c4d74,hansama231,SPORTS,"A,B,C",REPLICATES_WEAK_YOUNG,51,361410,0.4413,0.1879,0.1732,0.9608,-0.2325,1.2667,0.5098,,,,0.3234,0.5621,True,,,0.8223,-0.2089,26.7,0.3668,0.9311,0.4257,1164.46,2108944.6097,0.0598,0.925,2026-06-05
0x6ffdf781b9fabc368137c1d835644f12b9a6a637,ng6000,FINANCE,"B,C",REPLICATES_WEAK,1319,162190,0.1099,0.03,0.1346,0.9234,-0.063,0.3043,0.442,0.1918,0.0111,True,0.0221,0.1742,True,3,6,0.2748,-0.0114,182.0,0.3538,0.972,0.2727,27.95,102948.6229,10.1895,0.568,2026-01-01
0x0f003f00e53f0dbb063e14b4da093ac8e3f473ce,,SPORTS,"A,B,C",REPLICATES_WEAK_YOUNG,31,44296,1.2925,0.2041,1.2966,1.0,-0.1915,3.2867,0.3548,,,,2.8383,0.2605,True,,,0.8029,-0.0716,19.5,0.3485,1.0,0.1579,200.0,5474336.8687,0.6824,0.0,2026-06-12
0x02afdf21fc7d1f43bd29a71d43bb1be69a6daaa9,minhui7788,SPORTS,"A,B,C",REPLICATES_WEAK_YOUNG,89,1117346,0.0921,0.0456,0.0921,1.0,-0.2006,0.3804,0.4831,,,,0.0428,0.1537,True,,,0.256,-0.0467,16.1,0.3463,1.0,0.4944,8098.15,3235264.4211,0.0245,0.494,2026-06-15
0x58c028e7c41ba7ef2bde2142cd371cf491661c8e,residual,FINANCE,"B,C",REPLICATES_WEAK,204,111712,0.0369,0.0205,0.0694,0.8922,-0.0698,0.1397,0.6078,0.001,0.0825,True,0.1153,-0.034,False,3,6,0.2759,-0.0158,180.7,0.3449,0.8954,0.556,126.2109,65565.2399,5.2756,0.736,2026-01-01
0x10a6fadcbacd66330862206f6199b197e3ad4d8b,rabbitfoot1,SPORTS,"A,B,C",REPLICATES_WEAK_YOUNG,726,9085824,0.0679,0.0333,0.0679,1.0,-0.1156,0.2526,0.4931,,,,0.0003,0.1562,True,,,0.2209,-0.0345,50.2,0.3441,1.0,0.4907,2188.9691,358241.7273,0.8448,0.0,2026-05-12
0x36a74fda8204b1e1680b8512613b0b520f7eb6e9,nerongod,SPORTS,"A,B,C",REPLICATES_WEAK_YOUNG,32,107479,0.3317,0.14,0.3161,0.9688,-0.4446,1.0513,0.5312,,,,0.245,0.6731,True,,,0.7226,-0.3365,46.9,0.3434,0.9981,0.4221,868.0,1470383.8447,0.1065,0.994,2026-05-15
0x3b8407699e832891203387d52c64d8f61ff2f487,0x0a2c53bd218c04da996cf96490e14-f3dfb9bc,CRYPTO,"A,B",NO_EDGE,1399,162491,-0.0237,-0.0133,-0.0243,1.0,-0.0627,0.0162,0.7084,0.001,-0.0466,False,-0.0527,0.006,False,1,5,0.0364,-0.0311,82.9,0.3374,0.9997,0.5604,68.0419,114471.6119,0.0002,1.0,2026-02-17
0x955c9661bf6e010beff0ba896a49f715a8c8990f,,CULTURE,B,NO_EDGE,232,1453529,-0.0162,-0.0077,-0.005,0.9784,-0.1631,0.0824,0.7759,-0.0901,0.0549,False,0.0427,-0.0596,False,3,6,0.2514,-0.0474,181.1,0.3339,0.9928,0.4737,1696.9643,94069.8017,4.0439,0.62,2026-01-01
0x73d225c851df25d73b14846a370bdeef9434f9b7,Dapsy,TECH,B,NO_EDGE,185,272849,-0.0638,-0.0568,-0.0733,0.8378,-0.2524,0.0548,0.7892,0.0383,-0.1076,False,0.0278,-0.1266,False,2,3,0.1733,-0.0854,181.6,0.333,0.9612,0.8905,519.8929,413599.7739,9.4157,0.997,2026-01-01
0xbaa2bcb5439e985ce4ccf815b4700027d1b92c73,denizz,POLITICS,"A,B",REPLICATES_WEAK,331,6992708,0.1158,0.0447,0.1073,0.7825,-0.1483,0.4272,0.5257,0.2817,0.0278,True,0.037,0.1773,True,3,6,0.4924,-0.1039,181.7,0.3312,0.8719,0.3862,3689.5987,1689785.0781,26.0571,0.989,2026-01-01
0x45721362269008ac5988bec2e5c22ca463af5e86,maksimsoldout,SPORTS,"A,B,C",ONE_PERIOD,54,73789,0.3784,0.1555,0.3787,0.9259,-0.1384,0.7904,0.5741,-0.1535,0.6134,False,0.5158,0.2546,True,3,4,0.6328,-0.0492,181.1,0.3286,0.9946,0.4109,517.65,2629400.8803,0.5657,0.989,2026-01-01
0x169527179bbc4bd99288585fc39eb0e117bf2842,sakuralover,TECH,"A,B,C",REPLICATES_WEAK_YOUNG,11,47598,0.3303,0.2106,0.4408,0.8182,-0.6462,0.7815,0.9091,,,,0.7536,0.0368,True,0,0,0.9455,-0.59,116.0,0.3259,0.7252,0.6376,1000.0,455848.9575,31.8294,0.7,2026-02-27
0xecaa8806a9a05049d7d5260a33dc924220e377a9,Melody626,POLITICS,"A,B",NO_EDGE,426,1243702,-0.0378,-0.0237,-0.0408,0.9296,-0.1341,0.0609,0.5587,0.0143,-0.088,False,-0.0055,-0.0615,False,4,6,0.1138,-0.0724,181.9,0.325,0.8625,0.6278,1435.6065,338656.9042,1.3379,0.889,2026-01-01
0x16cbe223607a6513ae76d1e3751c78e4eabc2704,MRF,POLITICS,B,NO_EDGE,474,318982,-0.0194,-0.012,-0.0211,0.9747,-0.1183,0.0606,0.6709,-0.0233,-0.0068,False,-0.0246,-0.0126,False,3,6,0.2197,-0.0503,179.2,0.3245,0.6845,0.6192,129.01,299483.8822,22.8173,0.973,2026-01-01
0x735410130609d8bc5a30e279263a1f566c55430f,Dr.napol,CULTURE,B,NO_EDGE,177,98056,-0.0434,-0.0374,0.0164,0.8192,-0.145,0.0444,0.7175,-0.0532,-0.0284,False,-0.0061,-0.0714,False,3,6,0.1393,-0.058,179.8,0.3163,0.9796,0.8633,175.6675,1110020.0376,3.639,0.74,2026-01-01
0xaca23974e2b8131efbafaa1fe03ea9595ea0b9a1,ellio8989,CULTURE,"A,B",ONE_PERIOD,969,1984272,0.0111,0.0049,-0.0077,0.9474,-0.095,0.1236,0.4293,0.0779,-0.0224,False,-0.0608,0.0755,False,4,6,0.0596,-0.0205,181.2,0.3157,0.9994,0.4415,1080.0,333909.5499,0.1519,0.886,2026-01-01
0x05ab749a8554fb7c852238c271d384bae6798145,SeniorLaghetto,CRYPTO,B,REPLICATES_WEAK,175,2177590,0.0565,0.0262,-0.0225,0.7657,-0.0511,0.1747,0.48,0.0403,0.1076,True,-0.064,0.1285,False,3,5,0.5001,-0.0242,163.3,0.3109,0.9363,0.4635,981.7321,2325564.419,37.7155,0.846,2026-01-03
0x55be7aa03ecfbe37aa5460db791205f7ac9ddca3,coinman2,CRYPTO,"A,B,C",ONE_PERIOD,932,2705663,0.024,0.0127,0.024,1.0,-0.038,0.0821,0.4431,-0.0118,0.0594,False,-0.0239,0.067,False,2,6,0.1614,-0.0046,181.7,0.3106,0.9888,0.5267,250.263,105284.6881,5.3608,0.313,2026-01-01
0xdf8103a369799de9f938a6ffcfca446e1c3e697d,gummy-usb,TECH,B,REPLICATES_WEAK,76,34636,0.136,0.0378,0.146,1.0,-0.2367,0.5741,0.4211,0.1557,0.1194,True,0.0863,0.1722,True,3,5,0.6068,-0.1536,66.2,0.3105,0.6647,0.2778,110.93,159724.626,19.7984,0.1772,2026-04-02
0xa49becb692927d455924583b5e3e5788246f4c40,sleepy-panda,SPORTS,"A,B,C",NO_EDGE,1351,13034490,-0.0393,-0.0185,-0.0348,0.9963,-0.1769,0.1092,0.7964,-0.1231,0.0482,False,0.0247,-0.1154,False,3,6,0.2521,-0.1157,181.8,0.3067,0.9992,0.4692,260.8773,42828.9728,0.4744,0.94,2026-01-01
0xc682d7943aad07c246986a7aa2989cfcb17817bb,zthunderfury,TECH,B,NO_EDGE,150,556295,-0.043,-0.0351,-0.0215,0.8067,-0.1743,0.0658,0.8,-0.0578,-0.0166,False,-0.0752,-0.0212,False,2,5,0.3535,-0.0835,181.0,0.3042,0.7326,0.8177,986.0,4295129.0246,26.5752,0.882,2026-01-01
0x8b8762de175b0c9c86453239e0dabbedd6d73e8d,MickyMauldib,FINANCE,B,NO_EDGE,45,140418,-0.1267,-0.1092,0.1066,0.9111,-0.4836,0.129,0.8889,-0.1444,0.0003,False,0.1015,-0.2983,False,2,3,0.5081,-0.3181,91.8,0.2981,0.7933,0.8618,915.394,245168.3347,22.849,0.2151,2026-03-30
0x853c37a959a5791b849e3f3225c7f5963746bd03,WarriorPooh,FINANCE,"B,C",REPLICATES_WEAK,355,944250,0.3816,0.1059,0.4607,0.8535,-0.1228,1.1354,0.4817,0.7222,0.059,True,-0.0055,0.7323,False,3,6,0.5591,-0.0385,176.0,0.2969,0.8944,0.2774,843.6657,352278.3711,15.2855,0.615,2026-01-06
0x2127cf49b244b867356cb011d55a5668563237f2,thanhtam86,CULTURE,B,NO_EDGE,602,144072,-0.0503,-0.0404,-0.0395,0.9452,-0.1128,0.0121,0.6777,-0.0393,-0.069,False,-0.034,-0.0675,False,2,6,0.0503,-0.0594,170.2,0.2868,1.0,0.8043,84.0,360828.5313,3.3925,0.882,2026-01-12
0x6a5121acdc5e4fc2980d177a0aa729315ce6006e,Bizzzhh,FINANCE,"A,B,C",REPLICATES_WEAK,90,33633,0.3578,0.1516,0.288,0.9556,-0.137,0.8724,0.5,0.3022,0.3816,True,-0.0074,0.77,False,1,2,0.8448,-0.1087,96.7,0.282,0.9905,0.4236,100.0,109550.0497,0.0025,0.4292,2026-03-25
0x5c3a1a602848565bb16165fcd460b00c3d43020b,Crystiano,SPORTS,"A,B",ONE_PERIOD,440,4994981,0.0086,0.0039,-0.0032,0.9773,-0.2,0.2111,0.5545,0.1164,-0.021,False,0.0682,-0.0521,False,4,6,0.2102,-0.095,160.0,0.281,0.9974,0.45,2740.283,716109.9459,0.2398,0.998,2026-01-22
0xff165cf8eb75ee77933a7544d7cd600ccb2c7511,solwizzo-onX,CRYPTO,"B,C",ONE_PERIOD,69,39732,0.0342,0.0164,0.0608,0.9855,-0.2872,0.3298,0.6232,0.4067,-0.3241,False,0.3417,-0.1548,False,3,4,0.5255,-0.1457,148.1,0.2806,0.7615,0.4785,228.6,454517.7423,8.4291,0.991,2026-01-15
0xf9a23d70c3429c582dce8737fc7d818f9044a79a,bau7,CRYPTO,"A,B",ONE_PERIOD,434,409804,0.0118,0.0007,0.0182,0.8041,-0.0554,0.0844,0.4539,-0.19,0.0837,False,0.0743,-0.0339,False,3,6,0.1869,-0.0211,180.3,0.274,0.9305,0.0619,300.0,295851.8597,3.864,0.91,2026-01-01
0x9ee8bbc36d378af72e5f6b8e2ea2eb67c05a89de,Qpkwks,SPORTS,"A,B,C",REPLICATES_WEAK_YOUNG,25,1428691,0.4559,0.1551,0.4559,1.0,-0.4459,1.2662,0.36,,,,0.5932,0.2301,True,,,0.8162,-0.4247,10.9,0.2723,0.998,0.3403,25738.4339,12546755.0691,0.0127,1.0,2026-06-20
0xc15b833b6991e5dbcaca029f7d0f951e5db238af,makinta,POLITICS,"A,B",NO_EDGE,21,733062,-0.0531,-0.0447,-0.0505,1.0,-0.2928,0.088,0.7619,,,,-0.1324,0.0319,False,1,2,0.8042,-0.1779,70.6,0.2715,1.0,0.8424,24306.5359,4876393.4357,3.8705,0.986,2026-04-22
0x49b60d2cda22653ddc8b6ef21bad6d012a7f170c,pkz,CULTURE,B,NO_EDGE,437,298494,-0.0252,-0.0082,-0.0026,0.9405,-0.1327,0.082,0.643,-0.1077,0.1937,False,-0.0311,-0.0192,False,3,6,0.2243,-0.0753,175.8,0.2712,0.8987,0.3242,227.5616,34064.295,9.2614,0.595,2026-01-03
0x9703676286b93c2eca71ca96e8757104519a69c2,AnonymousUsername,"POLITICS,SPORTS",B,NO_EDGE,63,245518,-0.0314,-0.0257,-0.031,0.8254,-0.119,0.0204,0.619,-0.0568,-0.0191,False,-0.0684,0.0086,False,1,3,0.6098,-0.0606,100.4,0.2681,0.9488,0.8162,444.404,1977228.3313,139.7173,1.0,2026-01-02
0x88e2b1b6c7847828fc91af43aba2fee07fb07489,pakukudolphi,POLITICS,"B,C",ONE_PERIOD,109,704235,0.2195,0.0862,0.092,0.6239,-0.1038,0.6292,0.3945,0.676,-0.0788,False,-0.0667,0.3059,False,4,6,0.6079,-0.071,111.7,0.2639,0.8825,0.3929,1333.7347,3372286.6355,12.6979,0.846,2026-03-09
0x95bf944dd22691364154fb436ee922798566e00b,hideo,POLITICS,B,NO_EDGE,20,123958,-0.1484,-0.1403,-0.1437,0.8,-0.4679,0.0627,0.85,,,,-0.0729,-0.1913,False,0,2,0.6145,-0.245,145.3,0.2582,0.8099,0.9454,2815.4169,9272254.7949,15.7426,0.957,2026-01-25
0x3f3bfc6d754e416699793901ffb12ddeee9f1d77,eNakeVets,POLITICS,"B,C",ONE_PERIOD,146,281244,0.1396,0.0567,0.0693,0.9041,-0.1329,0.282,0.5137,0.2752,-0.0323,False,-0.1128,0.2328,False,2,3,0.6999,-0.0886,149.9,0.257,0.67,0.4062,219.39,102617.7911,19.9722,0.69,2026-01-01
0xf0ed9e68e6cd3ee712260abeaec32de56a7d47d8,LinaBell,POLITICS,B,NO_EDGE,358,305324,-0.0989,-0.0388,-0.0758,0.8324,-0.2193,0.013,0.6648,-0.1524,-0.0159,False,-0.0824,-0.1164,False,3,6,0.2289,-0.1446,175.9,0.2555,0.812,0.3921,286.7867,198148.9622,20.8455,0.898,2026-01-01
0x28059b3fb7af7ed76d83dc9121bbb72ec7cf76ed,RISK-IS-NEVER-OK,SPORTS,"A,B",LUCKY_FEW_MARKETS,304,1632997,0.085,0.0367,0.0854,1.0,-0.1965,0.3502,0.4967,,,,0.1825,-0.0142,False,,,0.3248,-0.0924,31.6,0.2504,1.0,0.4322,695.4783,1188858.6927,0.257,0.94,2026-05-31
0xe6535d86446728d567f4929557c2c4eb3cdbc4a7,Kluivert9,SPORTS,"A,B",NO_EDGE,126,1282954,-0.0678,-0.0458,-0.0705,0.9762,-0.2282,0.085,0.627,0.1594,-0.1904,False,0.1099,-0.1884,False,3,5,0.1998,-0.114,179.7,0.2467,1.0,0.675,4770.0,2989322.3223,0.0256,0.997,2026-01-02
0xa6b7ebd5ce137c3b5d56f896a52eba71702bd5f3,Relaccsed,TECH,B,NO_EDGE,1263,351504,-0.0419,-0.0177,-0.0118,0.8868,-0.1061,0.0204,0.5479,-0.0247,-0.0499,False,-0.0046,-0.0724,False,2,6,0.1013,-0.0607,181.7,0.2431,0.9637,0.4238,54.92,251419.7857,11.3327,0.434,2026-01-01
0xc82f0a25aad828f59347670e63ead5ea144466a7,bobbityy101,SPORTS,"A,B",NO_EDGE,660,262162,-0.0956,-0.0606,-0.0972,0.5894,-0.342,0.1319,0.8652,0.0261,-0.1201,False,0.0161,-0.1829,False,1,3,0.3372,-0.1972,180.1,0.2428,0.9922,0.634,35.784,572073.4384,89.281,0.82,2026-01-02
0x26437896ed9dfeb2f69765edcafe8fdceaab39ae,Latina,SPORTS,"A,B,C",ONE_PERIOD,179,28539513,0.0833,0.0466,0.0275,0.8715,-0.1392,0.2798,0.581,-0.148,0.1572,False,0.0243,0.1363,True,2,6,0.2059,-0.0154,179.4,0.2422,0.9998,0.5598,97727.4532,1507372.8636,0.0528,0.64,2026-01-02
0xdaef2be2a19ad331737d06545f85615b094554e9,UCF-BIGGEST-FAN,POLITICS,B,NO_EDGE,503,1173324,-0.0114,-0.0053,-0.0083,0.9404,-0.1566,0.1203,0.5308,0.0364,-0.0394,False,-0.1302,0.0928,False,3,6,0.1882,-0.064,177.8,0.2404,0.9587,0.4647,666.944,805618.3345,0.3513,0.925,2026-01-05
0xbf810a1ab89672b84145d2968b7f1ca35b5b6e25,0xBf810a1ab89672B84145D2968B7f1Ca35B5B6E,CRYPTO,"A,B",REPLICATES_WEAK_YOUNG,34,188161,0.1885,0.0595,-0.1176,0.9706,-0.749,1.1515,0.2647,,,,0.2367,0.148,True,,,0.8787,-0.7438,22.2,0.2397,1.0,0.3155,3000.0,632106.4314,0.2435,0.6898,2026-06-09
0x77c812f7735ad07e3ce58fd466a0e1b4346bbc8c,dudukos,CULTURE,"A,B",ONE_PERIOD,1513,1313935,0.0081,0.0013,-0.0695,0.8354,-0.1398,0.1447,0.2287,0.0535,-0.1051,False,0.0496,-0.034,False,4,6,0.079,-0.0406,181.4,0.2341,0.9889,0.1636,355.2,119235.9315,1.6366,0.912,2026-01-01
0xc96e5287ab294ac0388c2ddb00180fc464cff1f9,wigglew,SPORTS,"A,B",NO_EDGE,245,1370556,-0.0598,-0.0378,-0.0368,0.9429,-0.2382,0.1297,0.8041,-0.0142,-0.1464,False,-0.1614,0.0396,False,1,6,0.3302,-0.1395,79.7,0.2338,0.9968,0.6326,1577.5889,781907.0875,2.6882,0.892,2026-04-13
0xd776f0a066fd3014ecfac89cfd414440982bffeb,bomber,SPORTS,"A,B",ONE_PERIOD,161,495823,0.0911,0.0425,0.0859,0.9938,-0.1753,0.357,0.4907,0.4064,-0.0997,False,0.1502,0.0151,True,3,6,0.2542,-0.0457,181.1,0.2337,1.0,0.466,1218.0,1313245.5767,0.0482,0.996,2026-01-01
0x956718c60d076b911d81ade20bb457dbb331e505,Pippones,FINANCE,B,NO_EDGE,477,117464,-0.0289,-0.0183,0.0287,0.8637,-0.1931,0.1204,0.5514,-0.0997,0.0328,False,-0.1242,0.053,False,3,6,0.1665,-0.0793,101.9,0.2251,0.9997,0.6335,58.5,127486.4332,0.0033,0.805,2026-03-21
0x63b10df4bfa6d03b909ae728ee79964a594c1676,mostobesegoldfish,POLITICS,"B,C",NO_EDGE,44,113505,-0.1017,-0.0186,-0.0463,0.7955,-0.3146,0.0995,0.7045,-0.16,0.1715,False,0.1088,-0.2001,False,2,4,0.5371,-0.1665,149.5,0.223,0.9398,0.1831,998.0,3220134.5789,4.9341,0.925,2026-02-01
0xc3cd1d612bbf9fbf80da5a9bff0b0470cb46816c,UbuntuTrading,FINANCE,"A,B",NO_EDGE,63,22298,-0.0048,-0.0029,-0.0071,0.4444,-0.2131,0.1971,0.5556,-0.0761,0.0664,False,0.1624,-0.138,False,2,4,0.4793,-0.0951,175.6,0.2204,0.6006,0.5969,124.86,3318239.8973,11.6326,0.975,2026-01-07
0xc01ff7687f1380629b83fcd7b6767875c399cd8e,0xc01Ff7687F1380629B83fCd7b6767875C399cD,FINANCE,"A,B",NO_EDGE,218,274298,-0.0596,-0.0208,-0.0486,1.0,-0.1899,0.0532,0.3716,-0.089,0.0524,False,0.0296,-0.1224,False,4,6,0.3142,-0.108,132.8,0.2189,0.8567,0.3487,100.0,251018.21,6.7359,0.0,2026-02-18
0x18b84caa510f257bc961daa88a738994ae66c368,Bibi555,SPORTS,"A,B,C",ONE_PERIOD,350,682803,0.1371,0.0499,0.0803,0.9829,-0.1116,0.3621,0.42,-0.0633,0.1882,False,0.1787,0.0554,True,1,4,0.2953,-0.0288,124.9,0.2053,0.8934,0.3642,635.7022,153208.5232,0.0031,0.028,2026-02-27
0x8fe70c889ce14f67acea5d597e3d0351d73b4f20,amused85,CRYPTO,B,NO_EDGE,1557,1040371,-0.0461,-0.0176,-0.1208,0.8985,-0.1212,0.0273,0.4181,-0.0942,-0.0018,False,-0.1276,0.0367,False,3,6,0.0414,-0.066,181.0,0.1962,0.9812,0.3821,477.8,67929.1988,0.5514,0.604,2026-01-01
0x7c1ee865a785de4c00ee90ed86a38489fb8bbab3,CandleHammerDrums,SPORTS,"A,B",LUCKY_FEW_MARKETS,130,5967292,0.0259,0.0115,0.0259,1.0,-0.2264,0.2788,0.4769,,,,0.1363,-0.0649,False,,,0.184,-0.0707,20.1,0.1933,0.999,0.4444,27500.0,3289604.5156,0.0288,0.987,2026-06-11
0xecbeba24a9e7d8fc3091db367f2578e911ac42ff,Maximus22,FINANCE,B,NO_EDGE,697,687820,-0.0158,-0.0052,-0.0194,0.8594,-0.1086,0.0582,0.2712,0.0233,-0.0335,False,-0.0718,0.0361,False,2,6,0.1975,-0.0449,181.0,0.1924,0.9914,0.3299,28.0,141578.2522,0.0009,0.985,2026-01-01
0xc427980d20632c60c5a43fb689540c7f6f776f4d,kastetem,FINANCE,"B,C",ONE_PERIOD,275,61291,0.1225,0.0263,0.1465,0.8582,-0.1302,0.4069,0.3309,-0.1529,0.4601,False,0.1544,0.0873,True,3,6,0.3298,-0.059,159.5,0.1872,0.9764,0.2148,70.0,405889.1258,10.3697,0.75,2026-01-20
0x9690d9f51b618222c29567c3b39aac2935a5f2d5,Djibooty,TECH,B,NO_EDGE,266,366281,-0.0071,-0.0024,-0.0004,0.8158,-0.1486,0.1366,0.485,0.1186,-0.2473,False,-0.1,0.0501,False,3,6,0.2262,-0.0748,177.0,0.1846,0.9686,0.3398,684.0,1450502.259,22.3303,0.936,2026-01-02
0x2c8e9123de0538b45c23f275323c07a35dafa316,Importante,SPORTS,"A,B,C",LUCKY_FEW_MARKETS,140,216123,0.2452,0.1098,-0.0617,0.8643,-0.171,0.7294,0.3786,,,,0.5197,-0.1134,False,,,0.5046,-0.0502,21.0,0.1801,0.9999,0.4481,5.04,45672.968,0.9432,0.901,2026-06-10
0x9ca119b8cd7bdb890aecf1ff3b0f6e3a45cc13b5,JoeBlack01,POLITICS,"A,B",NO_EDGE,152,196333,-0.0707,-0.0421,-0.0915,0.5855,-0.2364,0.103,0.5921,-0.0252,-0.1226,False,-0.1257,-0.0081,False,1,6,0.248,-0.1284,179.8,0.1797,0.9052,0.5962,536.6187,3493959.0967,27.0228,0.967,2026-01-01
0xd202bf6d89dc6bab1b9f00ead175f75466348973,meoooow,SPORTS,"A,B",NO_EDGE,492,2636826,-0.0411,-0.019,-0.0358,1.0,-0.1862,0.0877,0.4573,-0.0258,-0.0544,False,-0.0426,-0.0397,False,2,6,0.1188,-0.0978,88.0,0.1759,1.0,0.4622,2860.8,479418.9218,0.2528,0.982,2026-04-04
0x4207c4f53b785c6d0d48512a497ebd845c29b81b,0x4207c4f53b785c6dOd48512a497ebd845c29b8,FINANCE,"B,C",NO_EDGE,167,145003,-0.0119,-0.001,0.3679,0.5988,-0.2668,0.2216,0.6168,-0.0644,0.0444,False,0.156,-0.1314,False,1,6,0.7155,-0.1588,172.1,0.173,0.7949,0.0871,87.0159,66358.7335,0.5609,0.745,2026-01-09
0x89cd944aa9cf528142e3557099c6992eb7ce4d7d,,SPORTS,"A,B",NO_EDGE,325,1238668,-0.0472,-0.0236,-0.1008,0.9138,-0.1537,0.0451,0.3754,-0.0386,-0.1231,False,-0.1135,0.0203,False,3,6,0.4114,-0.0863,179.4,0.1716,0.9799,0.4996,219.0,325519.8663,0.3289,0.951,2026-01-03
0x93a93d84d44270b5b86dad5c28eff367a7d70b88,,TECH,B,NO_EDGE,114,104872,-0.1108,-0.044,0.0034,0.6404,-0.3639,0.1769,0.5439,,,,-0.074,-0.1457,False,,,0.4731,-0.2327,28.4,0.1536,0.8465,0.397,302.4813,620452.1238,6.951,0.685,2026-05-30
0x96489abcb9f583d6835c8ef95ffc923d05a86825,anoin123,"FINANCE,TECH","A,B",NO_EDGE,235,1585722,-0.0738,-0.056,-0.1262,0.8128,-0.2879,0.0856,0.5745,-0.0835,-0.0286,False,-0.2532,0.0871,False,2,6,0.5246,-0.1648,177.8,0.1514,0.8874,0.7585,635.016,4461531.4941,25.0108,0.999,2026-01-04
0x547f2917d51f2e63ab382dcf641d4e0240162937,0x547f2917D51F2e63ab382DCF641d4E02401629,SPORTS,"A,B",NO_EDGE,20,849051,-0.106,-0.0701,-0.0745,0.95,-0.522,0.2842,0.6,,,,0.1245,-0.3376,False,,,0.5319,-0.4017,3.2,0.1413,1.0,0.6617,41860.7333,195631.9422,0.005,0.955,2026-06-28
0xfaa2b54347bd9a9f62d6e4bfb2d3180da53de80a,easymoney9,SPORTS,"A,B",NO_EDGE,82,669113,-0.2047,-0.1329,-0.2047,1.0,-0.5098,0.1286,0.5854,0.1264,-0.2968,False,-0.2025,-0.2075,False,2,5,0.4492,-0.3953,75.6,0.1401,1.0,0.6491,3250.0,2326981.6151,0.2164,0.999,2026-04-16
0xe917ff331e805261dbc903d39965a6b64ccd9612,SteveTheFish,FINANCE,"A,B",NO_EDGE,25,16316,-0.4818,-0.0551,-0.0779,0.8,-0.777,-0.0715,0.56,,,,-0.502,-0.4585,False,,,0.8392,-0.6823,50.2,0.1118,0.9345,0.1144,403.3479,189641.2844,18.7757,0.861,2026-04-23
0xbeb9d19f10274da29f21625a2c91fa5a00fd3870,AnonymousElephant69,TECH,B,NO_EDGE,117,119013,-0.1232,-0.0572,-0.0607,0.8632,-0.3403,0.1025,0.4872,0.0348,-0.2045,False,-0.1365,-0.1113,False,2,6,0.3469,-0.2303,159.2,0.105,0.9775,0.4647,362.4846,226573.0111,13.8269,0.508,2026-01-04
0xceed63729dbad7b41afd0140f415684d8967f8ee,jdmboy,CULTURE,B,NO_EDGE,175,58387,-0.1013,-0.0516,-0.0693,0.9657,-0.3386,0.1557,0.4571,0.0739,-0.1224,False,-0.3082,0.1868,False,2,6,0.2412,-0.1841,120.1,0.0959,0.8861,0.5094,79.1765,622318.7365,1.2553,0.965,2026-03-01
0xf0ca28d5b0141f0a8e7b251dea80fd881cb166ed,Hauchn,FINANCE,"A,B",NO_EDGE,59,247639,-0.0351,-0.0061,0.2351,0.6441,-0.4679,0.4703,0.3051,0.5542,-0.8073,False,-0.1452,0.0534,False,2,4,0.5713,-0.3553,162.8,0.0893,0.7958,0.1747,2305.4744,486996.6307,29.1034,0.917,2026-01-01
0xca97f5464912ba0308bd40c095bea215980849f6,LarryDaddy,SPORTS,"A,B,C",LUCKY_FEW_MARKETS,115,427844,0.0946,0.0394,0.0789,1.0,-0.249,0.4416,0.3565,,,,-0.2497,0.2841,False,,,0.4673,-0.159,17.8,0.0864,0.9933,0.4161,800.0,334125.2824,0.0047,0.0401,2026-06-14
0x41816fc1ebdfeb33f6356f2655ab499253b3de86,BobInvestments,FINANCE,B,NO_EDGE,84,66475,-0.1729,-0.0387,0.0555,0.75,-0.4596,0.2111,0.5119,-0.0191,-0.3071,False,-0.5812,0.2338,False,2,6,0.7302,-0.3908,179.1,0.0863,0.8532,0.224,293.794,275633.9638,24.9953,0.857,2026-01-01
0x5257aa84944804bbb0c718814ebebeeafaca3e2a,NO-GOD-PLEASE-NO,SPORTS,"A,B",REPLICATES_WEAK,76,688596,0.0475,0.022,0.0602,0.9474,-0.377,0.4458,0.4474,0.057,0.0406,True,0.5285,-0.3279,False,2,6,0.5955,-0.2701,63.9,0.0735,0.9998,0.4628,2032.882,3475787.5701,0.22,0.982,2026-04-28
0x088ba59031e4bac4cc7b344581e3d908258221cc,IQdegen,SPORTS,"A,B,C",LUCKY_FEW_MARKETS,33,470807,0.3431,0.1307,0.5097,0.9394,-0.4324,1.2102,0.4242,,,,0.7577,-0.2545,False,,,0.8277,-0.327,57.2,0.0722,0.9761,0.381,5845.4628,2277029.1418,0.0433,0.863,2026-05-05
0xb61b2079b95f6b7476fd3203e0274ffb93308a06,hot2trot,SPORTS,"A,B",NO_EDGE,19,1872329,-0.2871,-0.1358,-0.2871,1.0,-0.7251,0.4174,0.4737,,,,-0.3342,-0.1376,False,,,0.7121,-0.6953,8.4,0.059,1.0,0.4728,77806.6188,4529863.1919,0.0557,0.999,2026-06-22
0xae2b0aaea325a32870f56ff19df3b87acaa190ea,TB14,SPORTS,"A,B",NO_EDGE,551,1033921,-0.1476,-0.0388,-0.101,1.0,-0.3857,0.1175,0.3612,-0.1089,-0.197,False,0.0634,-0.3948,False,1,5,0.2297,-0.2621,157.4,0.0496,0.7043,0.2632,350.0,787886.2134,0.2538,0.0,2026-01-25
0x524db836890e08aceb3abcdee98d44240e324495,0x524db836890E08ACeB3AbcdEE98D44240E3244,CULTURE,"A,B",LUCKY_FEW_MARKETS,27,11958,0.0015,0.0002,0.171,0.9259,-0.7744,0.7217,0.2222,,,,-0.1372,0.0784,False,,,0.8738,-0.747,5.7,0.0418,0.8419,0.1246,159.0148,318146.7294,2.2919,0.4367,2026-06-25
0xa61ef8773ec2e821962306ca87d4b57e39ff0abd,risk-manager,"FINANCE,POLITICS","A,B",NO_EDGE,23,51175,-0.6183,-0.0174,-0.5696,0.5217,-0.9816,0.4556,0.3478,,,,1.2202,-0.9547,False,1,2,0.9958,-0.9715,165.4,0.0152,0.7358,0.0282,142.5614,25087849.0556,22.5296,0.997,2026-01-03
0xe089e5e74fb21bb106a7fffe1201f0bf82f4ad3a,lox97,CULTURE,"A,B",NO_EDGE,74,1944,-0.2005,-0.0043,-0.2005,1.0,-1.0,1.5467,0.0405,,,,-0.8867,0.424,False,,,1.0,-1.0,20.7,0.0031,0.8738,0.0216,10.2265,209216.3337,6.191,0.774,2026-06-08
0x3c8ac6a99d9c7a41860aec2ae7520c7aaa68b45a,momom,"CULTURE,POLITICS","A,B,C",UNTESTABLE,7,49097,0.0517,0.0492,0.0513,1.0,,,1.0,,,,,,,,,,,,,0.2815,0.9508,1635.1272,2106567.6805,47.7902,0.964,2026-01-17
0xa3a417e434923aeaf97afe9a61b10ff9364e5106,0xC03cE4d8Af842Ca6251Ac57228B3Ffb166ed50,POLITICS,"A,B",UNTESTABLE,1,1,0.2987,0.23,0.2987,1.0,,,1.0,,,,,,,,,,,,,1.0,0.77,1.0,124320.8077,0.0019,0.768,2026-05-04
0xa6a872ded6039c17a9e5c81b706c04e76fbeba32,eyeseethefuture,SPORTS,"A,B,C",UNTESTABLE,3,125445,2.6586,0.6628,2.3352,1.0,,,0.6667,,,,,,,,,,,,,0.9362,0.2493,15744.0,12829287.8961,0.0549,0.5278,2026-07-01
0xae5b31e2ca93121383a914df2385af05e9150a8c,RexRegum,FINANCE,"A,B,C",UNTESTABLE,1,2,-1.0,-0.42,0.4762,1.0,,,0.0,,,,,,,,,,,,,0.002,0.42,2.1126,169331.2888,28.752,0.996,2026-06-01
